timestamp,rpm,throttle,oil_pressure,oil_temp,cht,egt,manifold_pressure,vibration,fuel_flow,ambient_temp,altitude,mission_phase,residual_rpm,residual_oil_pressure,residual_oil_temp,residual_cht,residual_egt,residual_manifold_pressure,residual_vibration,residual_fuel_flow,health_index,baseline_rul,fault_type,fault_active,fault_severity,fault_start_time,fault_end_time
0,3591.398468385015,9.632063129022205,46.53636124157849,82.0,165.0,610.0,21.03063886572997,0.15961385562755692,8.407671759096873,25.047690625039678,0.0,idle,0.22111872347939987,-0.1679978721231813,-0.012453543687684046,0.3132196892562845,-0.25890128055477146,0.0761979948316742,-0.00556156003619575,0.021170036367959503,1.0,200.0,healthy,0,0,0,0
1,3586.408508214973,9.839337823659255,46.52083654141015,81.94298885124466,164.8499049408059,607.2569233954644,21.064929489560342,0.13603387494262073,8.523346490161765,25.309314132175967,0.0,idle,-0.38701807384195364,-0.014618735677896398,-0.01914889048488248,0.020954726805588814,-1.4128530384364106,-0.03646421381553944,-0.001556333198576194,0.1081788889069561,1.0,199.99972222222223,healthy,0,0,0,0
2,3588.2450000287995,9.972191741958678,47.31878623658072,81.7754309693761,165.3025634677811,609.1932300292311,20.87078689784968,0.17163307569001954,8.444356681041468,25.123430929058944,0.0,idle,-0.3800596452898555,-0.04933580992405604,-0.011856802029830726,-0.16257061086986427,-1.3558489925425046,-0.010280917132825317,0.002896141153043945,-0.005569136785962967,1.0,199.99944444444444,healthy,0,0,0,0
3,3602.8702599340463,9.388614797016995,47.3710065442605,81.72899019319938,164.73602708541017,614.2204027944159,21.050939967115013,0.15849886933565177,8.543805466464127,25.120730574089105,0.0,idle,-1.3272916332857927,0.0916621557769246,0.13443358949633644,-0.41637616822493656,-1.1086181478401635,-0.033718590634343966,-0.016882278024974353,-0.008430156652470992,1.0,199.99916666666667,healthy,0,0,0,0
4,3599.5375180043784,10.526874450103696,46.96240545942797,81.28403183758392,164.58786466230094,615.1882066044636,21.14757980565066,0.2029054212044237,8.619997536164655,25.019141246755446,0.0,idle,2.2441649657930363,0.6850867435789292,-0.030037943707562877,0.23824040872092433,-1.4487521574801603,-0.028703206348508647,-0.006509514192448662,0.04859387936613879,1.0,199.9988888888889,healthy,0,0,0,0
5,3587.6419152398767,9.924651590754054,46.01982852718624,81.20442080847496,164.31685547612756,616.8557414452488,21.120223490883667,0.1674020685447597,8.425203481699223,24.64907944153451,0.0,idle,-0.4756526034583536,-0.42965691959730457,-0.0407908216999051,-0.40290588332579524,0.38526217284715303,-0.030746986435930025,0.0018178643039905998,-0.04253386240123653,1.0,199.9986111111111,healthy,0,0,0,0
6,3599.7329441144357,9.446914632904447,47.419984643287066,81.12441468337538,164.31945723829378,617.4366082142992,20.844771924411397,0.1606342041890941,8.44860952971678,24.760591296071343,0.0,idle,-0.16293435234019352,0.32236316918885216,0.07666844534092958,-0.4785901576229957,-1.4009965117360763,0.026149958663911305,-0.013322234991411065,0.066319342351982,1.0,199.99833333333333,healthy,0,0,0,0
7,3581.4141664881436,9.495918985435221,47.24728622930081,81.0278778304579,163.74517597903932,616.377481582312,20.929362578737823,0.16484573240136746,8.58264272860445,25.060228598578938,0.0,idle,-0.19675379452518893,0.03156607632327222,0.1427768592476897,0.522184958345062,-2.0148824803579575,0.043477419007892315,-0.006626062879872473,0.09077660515798143,1.0,199.99805555555557,healthy,0,0,0,0
8,3588.543785235211,9.888361913183068,47.17628995239702,80.98639358060366,164.04172357177515,615.9123627412912,21.033285291696163,0.1444337151012203,8.547163973720766,25.06399142619683,0.0,idle,-1.332860336836116,-0.15757432848701122,-0.15899835938047552,0.09501297814816609,-0.9876535618039848,-0.016546198708599743,-0.003685969352159517,0.044048905909795585,1.0,199.99777777777777,healthy,0,0,0,0
9,3604.1329568394835,9.309712486125676,47.50351069194607,81.19493486660802,164.11244798153493,612.7361162240765,20.809983780440252,0.13589513317616583,8.529236183623023,24.910322645612887,0.0,idle,-0.8291588314009859,-0.10556748975590968,-0.051351042184116694,-0.06171357412911388,-1.2571103760137985,-0.040692351861970705,-0.011598087095630722,-0.023011483789032904,1.0,199.9975,healthy,0,0,0,0
10,3713.6206433834996,14.679516472593996,49.13155858140141,81.49079808407005,164.80181596417182,614.5861941069401,21.580113659556726,0.15328929241509723,9.072732004321816,24.688702088119918,0.0,taxi,-1.482149532337071,-0.18072060246047808,-0.13665250847859392,0.14481329909044166,0.7779689055811001,-0.051589337420835824,-0.011215362461978556,-0.042355464723160416,1.0,199.99722222222223,healthy,0,0,0,0
11,3668.663522129098,15.416559171213544,48.73314201661248,81.44583721982524,165.31060975201504,617.4692875823463,21.459311040730896,0.12937629277977702,9.058588585623278,25.141341905926577,0.0,taxi,-0.6275878108679197,0.023018909029741727,0.00991706550415925,0.24504452684960992,-0.34685973661202285,0.02211092337871018,0.009685531584350883,0.002890385913511252,1.0,199.99694444444444,healthy,0,0,0,0
12,3677.975075657697,14.850823849037818,48.652216058949406,81.3462473878429,165.50639944262252,614.5410851042352,21.570155187428615,0.15588616450216708,8.899617847276167,25.200336206563883,0.0,taxi,-0.06720136262344496,0.27954819862431635,0.07877946929692804,0.09721919262350784,2.3548284674198197,0.06144130372974737,-0.008074756383087798,-0.003772829709540334,1.0,199.99666666666667,healthy,0,0,0,0
13,3718.133706403617,15.177250319179686,49.656397948293424,80.93687899283816,166.35586039091294,615.616541265313,21.728897429936,0.15820437721543146,8.976234004318066,24.694835289332133,0.0,taxi,-2.058313050587263,0.017993765032569227,0.09805692718779599,-0.07377011434695033,1.4918488299680588,-0.025877943279528942,0.012399646271415182,-0.015248284729314632,1.0,199.9963888888889,healthy,0,0,0,0
14,3725.562324322873,15.2043492270547,49.181779258303465,80.95638886923139,165.88087871224542,617.8006194928719,21.47234703394721,0.1378910194420834,9.048076298813026,24.91601166105031,0.0,taxi,0.35255071789103043,0.2115067374962315,-0.02993264456373984,-0.44379680778394526,0.6865631482604075,-0.09930826794206188,-0.006332177105051683,-0.003270582192940204,1.0,199.9961111111111,healthy,0,0,0,0
15,3675.6744292793874,14.728113062554456,48.414480955788974,81.1162053718351,165.7730236034312,620.6369121428803,21.270403075393222,0.17772187687364385,9.04213527776335,25.0167098965555,0.0,taxi,-0.9007487932049243,0.15294643301056401,-0.10756430608069323,0.2700942559871871,-0.15172175812542085,0.04766892993035852,0.014207565232305997,0.0199316567369084,1.0,199.99583333333334,healthy,0,0,0,0
16,3706.6673285708557,14.491790870794626,48.732907247566736,81.24406987995991,165.4185990089652,617.9671810676248,21.438827176258552,0.18226238117357416,8.911507249094567,25.06474446567732,0.0,taxi,-0.5177519136371477,0.2717698676907635,-0.14807212698862646,-0.02930260799219298,-1.6730621937552645,0.013097632841273667,0.01417430369948634,0.008395553472581583,1.0,199.99555555555557,healthy,0,0,0,0
17,3707.6358869621604,15.480739932164136,49.233379479229654,81.41160571294208,165.40222314690214,618.641280208606,21.412973584642764,0.19144347845034473,9.014470625452516,25.188958045714465,0.0,taxi,-2.160026984189115,-0.02145883076678694,0.0604779501638459,-0.2058130351759938,0.4300194289361883,-0.034587214797450486,-0.005244262759602302,0.05707632731758468,1.0,199.99527777777777,healthy,0,0,0,0
18,3690.7314695220366,15.30400408447552,48.39766991943027,81.3349812354719,165.55019566116252,619.81325419447,21.599027613318068,0.21199788938573122,8.91360130128536,25.13032694867715,0.0,taxi,-2.059050635677416,-0.16164027596554895,-0.04473038997232631,-0.20264531350417142,1.9494209263597013,-0.008423190703801032,0.004365671787344604,0.020470342034967937,1.0,199.995,healthy,0,0,0,0
19,3681.182176509987,15.646411575316607,47.49446465590036,81.2631525489245,165.24192121735828,615.9742204025631,21.712105848179036,0.1719207241916775,8.96506215713729,24.762294816101775,0.0,taxi,-0.18175903719327707,-0.23263157712153545,-0.12176663185619703,0.1613355467487245,2.541690189540804,-0.04883768426454359,-0.00018969352437673745,0.003345610889437054,1.0,199.9947222222222,healthy,0,0,0,0
20,4386.495938556529,98.28157231453258,61.95873073742136,81.87009567378176,166.67310443446658,650.9842284290781,30.09059922648813,0.24716867833690853,15.412047892682029,25.190318761561137,0.0,takeoff,0.4741866775728221,-0.003244839151252409,0.2222454056688429,-0.42064140578610115,-1.7515714844674724,0.07909825643127329,-0.0020763616694585785,-0.02964755610186051,1.0,199.99444444444444,healthy,0,0,0,0
21,4398.651346839223,98.60541344120116,63.15236206772512,82.43738866844774,169.6393184042429,677.5453849503435,29.740834361613768,0.2293250950004324,14.909347754784054,24.642012955531378,50.0,takeoff,0.8626116391295865,-0.12028921953014199,-0.038188721929453995,-0.4596240805789812,1.6556010540135104,0.011306905277541704,0.010367403874959394,0.04147522417765045,1.0,199.99416666666667,healthy,0,0,0,0
22,4410.389228529769,96.6821296420253,63.45019466393735,82.87753179628066,172.29372015319493,688.3703685039799,29.624954420381073,0.22536189890567032,14.787867414847291,24.671374341800686,100.0,takeoff,1.5775819699112026,-0.20552058269359505,0.12659055906979244,0.30387653291576533,-0.6629575615633144,0.0008179345443782471,0.004957227375168356,-0.061319071511122474,1.0,199.99388888888888,healthy,0,0,0,0
23,4392.663561069371,97.81299740536349,62.22756902286372,83.34183629806172,172.79021870216502,698.2563383731263,29.547005268211844,0.20403210376905243,15.086771216133439,24.30100030073985,150.0,takeoff,-1.2523135546075082,0.1514138120446242,0.1638554722458614,0.0037006325785192322,1.474803336685138,0.03359511869646534,-0.007826353761995301,0.07772391471248721,1.0,199.9936111111111,healthy,0,0,0,0
24,4409.724307104716,98.66182295350401,62.55713081720769,83.91303407061936,174.75290776804013,708.3797442529901,29.797521145267645,0.24595987972055885,14.834794357416346,23.908565276333118,200.0,takeoff,0.17152937582657085,-0.2062212852653914,-0.09295165397460406,0.25085456600782463,1.1886020092754987,0.02455590028185875,0.007150721806202043,-0.038950630206990536,1.0,199.99333333333334,healthy,0,0,0,0
25,4394.157870032378,98.70592793697796,63.80331599045164,83.99167978765689,176.39209923699264,714.1490592864092,29.668213537175262,0.2530907123158634,15.010726503431831,23.42342758462542,250.0,takeoff,-0.0971336952514692,0.06291275179308896,0.025054293260465862,-0.32011770901862296,-0.23012705686705598,0.06674096250589155,-0.0017844946401164988,-0.0008176906067611871,1.0,199.99305555555554,healthy,0,0,0,0
26,4370.645243074311,98.41926740852637,62.6531845244725,84.75366458734374,178.27650160666357,716.7039090010257,29.69813715239067,0.24713426055527155,14.64441311203303,22.87150561619189,300.0,takeoff,0.223218857415856,0.02196046465654319,-0.08127365512990105,0.2479644004360525,-0.04624845850377456,0.11285626056029563,-0.013408716402681344,-0.031478972090131944,1.0,199.99277777777777,healthy,0,0,0,0
27,4400.1436150853415,96.59581982036185,63.434270326037904,85.44033407825589,179.71361456326153,721.6053569195585,29.275025275287,0.26400963525432947,14.98434469981947,22.395442259910553,350.0,takeoff,0.885913693949636,0.35583410102989743,-0.06939479003363856,-0.1266313224193949,0.056619593664490125,0.04323378175932805,0.008642683495380334,0.02888207824809675,1.0,199.9925,healthy,0,0,0,0
28,4390.898508239172,99.52601749459622,64.00811437399639,85.60235298144936,181.7182781263458,725.76048224438,29.52877792994542,0.25346808787792763,14.77567243165757,22.35117926758259,400.0,takeoff,-0.7990391402490419,-0.014435368163299695,-0.09138101413615712,0.005917194947823127,0.48489113723132693,-0.017316660320845674,-0.010900684188884416,-0.0018375466294097715,1.0,199.9922222222222,healthy,0,0,0,0
29,4409.016819364383,96.03103077655514,63.13729573536029,86.0833443771162,183.18481926006916,725.1096287151281,29.189292697726092,0.24919490505414496,14.893554469370423,22.186555233310187,450.0,takeoff,-1.2077797013959581,-0.282661958380546,0.1262879247304113,-0.17431910784609075,-0.9515408848802461,-0.0528530339798329,0.013887794032638064,0.05574425833269747,1.0,199.99194444444444,healthy,0,0,0,0
30,4384.69536133672,97.9314747342114,62.483479255576164,86.36379449365162,184.33805597729912,725.9414890672371,29.456191506599538,0.20018195857969856,14.850821262860107,21.684733963779845,500.0,takeoff,-0.10139987839398582,0.11025780060772372,-0.1045432319589381,-0.13088302512402877,-2.0030798302884283,-0.02844153252483332,0.011374340002971517,-0.0008872605165529658,1.0,199.99166666666667,healthy,0,0,0,0
31,4380.582978602426,92.3934084194042,62.24067461191123,86.70431645380697,185.2634423583377,723.5011131992978,28.829206365742113,0.24979378791929882,15.100534158926761,21.463959344725204,550.0,takeoff,-0.3365473627538307,0.23879609346198805,0.13843131290258917,0.14818994772329697,-1.5450770553075144,-0.09798468783470812,-0.002743782582486149,0.04626393996634898,1.0,199.99138888888888,healthy,0,0,0,0
32,4413.82932242884,95.7604396081616,63.38516307887787,86.90738466227386,186.34732430173403,724.7158626874924,29.25358166245045,0.25121821266635086,14.821726524652895,21.320402744184356,600.0,takeoff,-0.26157102031235974,0.3663928028535589,-0.016371583795828443,-0.07383623617428868,-0.7424010279036709,0.039664542196108155,-0.0008152356923983836,0.06690909631650377,1.0,199.9911111111111,healthy,0,0,0,0
33,4418.1063021477885,93.45765701587507,64.03507005717103,87.52319299525695,187.32083762908724,722.7764077142207,28.79952553307261,0.26909881245662054,15.15649306968966,20.802501280064824,650.0,takeoff,1.8957380426911998,-0.03361335513984741,-0.17452862243875314,-0.1701305607881622,-3.186034271138545,0.004002997944031255,-0.0051564145037652186,-0.04724966874612398,1.0,199.99083333333334,healthy,0,0,0,0
34,4409.727919919914,99.71035301655488,63.305068887107936,88.05074506451112,188.1735076067701,722.3074497115704,29.399226688722376,0.22962085136824592,14.796564260554392,20.489270914034876,700.0,takeoff,0.9050311229094411,0.1701336759385489,-0.008808623949794363,-0.25138689267192377,-0.33680770947575944,0.05123131975171366,-0.004812407801972447,-0.08465885830426378,1.0,199.99055555555555,healthy,0,0,0,0
35,4392.726685732678,96.87759816742913,63.036030123942005,88.37670246885928,189.24621567505903,722.7751298264604,29.017060970761776,0.25219290840201797,14.926450890554914,19.99662797825486,750.0,takeoff,0.5030064252469405,0.19459466740458917,0.060836506637041016,-0.4115733881080235,-2.086414527504953,0.08427876467517846,-0.014664270691412896,-0.038367983226704414,1.0,199.99027777777778,healthy,0,0,0,0
36,4399.43107074495,96.48884991928814,62.95413387685585,88.74865118441895,189.42813505058464,726.1678809269093,28.988201396468632,0.24848634588393365,14.745686836625424,19.77429958794347,800.0,takeoff,0.5111815868720093,-0.3293064541489677,0.051689656768789165,-0.497655528019475,-0.2607129956619716,-0.012439426508227658,-0.0077206427406751425,-0.0373557482774694,1.0,199.99,healthy,0,0,0,0
37,4413.315609539419,99.69723221118609,63.281885360416425,88.7456776589433,190.73503633614817,728.1717785046795,29.409125845264306,0.21477084645578132,15.054820265744123,19.60248992564554,850.0,takeoff,1.9988777357800236,0.24583341954905077,-0.019185021622528303,-0.46345450937644656,-0.8349937102524095,-0.05637248655582732,0.0019216846937780336,-0.02111494714649971,1.0,199.9897222222222,healthy,0,0,0,0
38,4416.540345533449,99.3531547424408,62.80734931703747,88.86112785245565,192.36308135892622,728.799727630791,29.314190842932312,0.23507234925193649,14.750408612370299,18.997124164323154,900.0,takeoff,0.003895567479384143,-0.17459561540711205,-0.0767556898307303,0.05577829400859032,1.2536951147246633,-0.021778161710777795,-0.003103832242727866,0.05504573149286314,1.0,199.98944444444444,healthy,0,0,0,0
39,4429.05383504331,95.53495950105027,63.46745648185226,89.28699016289818,191.9864998089509,726.3623444137672,28.95817214715364,0.23842539444828162,14.929022382934948,18.815127108506804,950.0,takeoff,-0.26286164145475494,-0.16130603113228967,0.014772601081217324,-0.12060110017156168,0.062027061346310204,0.014185547806797025,0.0022602407942073814,-0.010170438422026336,1.0,199.98916666666668,healthy,0,0,0,0
40,4088.657993842732,70.82739341429492,56.020668295911875,89.59626514503132,191.12489471064674,717.7229541979544,25.850527993575657,0.20117859760814985,11.362218719427961,15.413389693188249,1499.6339461337705,cruise,0.7951011293466808,-0.09416146689680027,-0.11153313628951589,0.1400942530292381,-0.9446467059967405,-0.03466946305798319,-0.012636728570139946,0.03501148545046919,1.0,199.98888888888888,healthy,0,0,0,0
41,4091.196049488447,69.81671445000086,57.32373010332021,89.65685839681225,191.0392377554397,709.2302603129165,25.85641339290028,0.22842503515157442,11.47127029342731,15.32268095250692,1498.6866637026155,cruise,0.6603177957565921,0.2583379042745238,-0.07240154356708509,-0.3978847389461058,-2.6185385551503915,-0.027549482973400333,-0.00344846163229996,-0.008355247894417248,1.0,199.9886111111111,healthy,0,0,0,0
42,4094.0331287338026,68.65691783843258,57.22559810984466,89.73702276691898,190.6414829329359,701.7988345312037,25.712659926914956,0.16197532139713405,11.628811040638361,14.932245860506598,1506.4223947162525,cruise,1.3023473555517633,0.1131888238876468,0.078116998951764,-0.2355647539575061,0.5460182313914027,0.03507852169295608,-0.005589322606266135,0.044268079051673466,1.0,199.98833333333334,healthy,0,0,0,0
43,4109.043031011311,70.18857875682838,57.63168574416253,90.03204258851687,190.27668619599916,695.1927323176031,25.975665744302567,0.2070222421606418,11.343711286536713,15.182086533278476,1499.822232296272,cruise,0.9388699768728164,0.01734967189153351,0.02191407044875238,0.19414427401274167,-2.0426814707437755,-0.0019522688285002286,0.0008187345899733887,0.022421611183115586,1.0,199.98805555555555,healthy,0,0,0,0
44,4087.3548689574163,68.5067731653554,56.31683987189939,90.45572929815113,191.68900958007413,692.0798539595374,25.603764845720413,0.19430401485971355,11.589118786886747,14.761555585842833,1508.117196264939,cruise,0.01168436479079946,-0.12083126390902135,0.05896720706640984,0.3423674647468183,-0.8388484962891256,0.0033535829462580527,-0.01641498047920624,0.06191609546376667,1.0,199.98777777777778,healthy,0,0,0,0
45,4072.6843046947993,69.98751893021544,55.529004285352514,90.51839675485594,192.47711881311278,691.35393492237,25.735999563987754,0.23980770618410902,11.290668782246742,14.926238193191411,1498.2867336625345,cruise,0.012825527981936848,-0.10597081340973524,-0.1680179756667667,0.2958097198584903,-0.9439174315820588,-0.021269227844212226,-0.02378180023479874,-0.01394445221618302,1.0,199.9875,healthy,0,0,0,0
46,4075.9511058530757,70.58064737116928,57.25056267328564,90.67713062065265,193.00389823676088,689.7066979848017,25.93873536094216,0.18536151299565112,11.216983695633848,15.45780922874337,1494.721437129516,cruise,-0.6030444274283041,-0.006431980015099971,-0.05553106648204897,-0.28616001837664934,-0.5813893403297731,0.019631115011968753,0.005958485316202501,-0.03590466874145196,1.0,199.98722222222221,healthy,0,0,0,0
47,4093.8366191171185,68.96526394455766,56.40810633217877,90.85816124899549,193.42530872971267,688.5229504255009,25.591255148540103,0.18819089607047984,11.65110048818392,15.23117349987658,1502.4260919190622,cruise,-0.3369863923620128,0.05954963126262213,-0.11138554998471624,0.20665709519485695,0.44273243639223453,0.02983910202019612,-0.017227556547165433,-0.008268229616652958,1.0,199.98694444444445,healthy,0,0,0,0
48,4105.377967086983,71.159741488587,57.31385453495176,91.0039360102168,193.49450128349483,689.2269423640442,25.829594550009098,0.21710680554672032,11.483930814396269,15.28456674638132,1494.6154628024126,cruise,-0.5684912230593007,0.012876192264415463,0.045216734250103814,0.21962746399531738,1.0202511783982557,0.08223035279369659,0.016433592763501714,-0.00800790664993656,1.0,199.98666666666668,healthy,0,0,0,0
49,4102.202473839699,70.89580451907864,57.104365776282236,91.17309257119824,192.5602450217648,692.778486508819,25.901431239504053,0.2013698887211865,11.675852082562791,15.538027240670429,1502.7930775587936,cruise,-1.0229891467706347,-0.08109397106846089,-0.08375090456232126,-0.0894833201461572,1.315695477888534,-0.04558510226334954,0.008413703626119597,-0.04205927413973264,1.0,199.98638888888888,healthy,0,0,0,0
50,4095.972891328782,69.94688509859776,57.745812056159366,91.33626797253847,193.54560619874007,690.9390693043421,25.764212328219052,0.20011414644756445,11.612324099993968,15.174256012985627,1503.8938249541502,cruise,-0.6482732492128825,-0.30963553841127656,-0.06152775995251615,0.4258196069064633,-0.44276055595849834,-0.015046486538271835,-0.004316856275683834,0.11643151169533082,1.0,199.98611111111111,healthy,0,0,0,0
51,4119.412103649788,69.67018160847357,57.38278174672281,91.57565251969274,193.7170868824928,687.3012395607327,25.665555716907182,0.19925247216305905,11.499400493604409,15.156975434150775,1502.0189056004067,cruise,-0.8646348743321608,0.3335079941297766,0.050062244400505454,0.0264499421315573,-2.007304597555371,0.07248841358945265,0.014981692942611211,0.1003528346158483,1.0,199.98583333333335,healthy,0,0,0,0
52,4098.81394579128,70.14379818096907,56.527820157137576,91.919596497156,193.82607219480727,688.041572056008,25.7295868281211,0.179143735948365,11.524943089105049,15.336161802022303,1496.4887569088742,cruise,-1.5360769907218375,-0.27413046947328845,0.1068670681062149,-0.014293771885010628,1.2407918518294303,0.014729597541788637,0.025994586906160917,0.006507905875267258,1.0,199.98555555555555,healthy,0,0,0,0
53,4099.133404227802,70.92782999153448,57.46356959447945,91.7029339593492,194.42108787522332,688.4892504726112,25.901750315514672,0.22860755165932262,11.522302765276978,14.899566107458508,1500.0846597056673,cruise,-0.02630984519632302,0.2165470630306323,-0.04546528871451319,0.2900658828286875,-0.4086019960258577,-0.09638498246859227,-0.009863526968974088,-0.007961375104947847,1.0,199.98527777777778,healthy,0,0,0,0
54,4083.3021726369802,68.9444937162166,57.30791745208025,91.85935264176723,195.1691932986967,683.2326436675188,25.69239642285439,0.1899181913403999,11.329487827847506,15.235813898634438,1506.0776274031255,cruise,0.3282404408551467,-0.0034062520008225233,0.13770140912434659,0.030847883027099246,3.606961466544317,-0.008772146364902636,-0.0024314223371199673,0.038073179469325,1.0,199.985,healthy,0,0,0,0
55,4085.0870613712195,70.18908396288762,57.558064445831434,92.14173382118628,194.28055359324645,683.5748188693098,25.912478225042022,0.1675007925548413,11.449827322328092,15.459096057786645,1492.7424852906684,cruise,1.0252361164877617,-0.006793791626253045,0.051290776547719366,-0.13268261828844344,1.4952229752941926,-0.004988000207284982,0.002659557794387069,-0.024459612670645493,1.0,199.98472222222222,healthy,0,0,0,0
56,4082.871890033549,70.71921482286635,55.89401767493013,92.08715451232447,194.167485987085,682.8781597582588,25.950936030608872,0.18502872625890324,11.572335131330908,15.661650709796936,1500.6999733288862,cruise,-0.6840187895734414,0.03726486436620812,-0.13723202638120272,0.3506291792717949,-0.2317479962807625,-0.05575245086786669,-0.009153814703819558,-0.015361442451659003,1.0,199.98444444444445,healthy,0,0,0,0
57,4083.395348950827,68.66926298392244,56.47975725655042,92.45983007351569,194.37277200831784,691.3380510091013,25.466027427524967,0.24672254986132738,11.805850518626261,15.17023772019083,1492.3077972956241,cruise,-1.3399450564871516,-0.16218458056534332,0.04995946364966653,-0.12965596512488514,-1.248864039146669,-0.09119981297353746,-0.001078578765036687,0.012887412537362228,1.0,199.98416666666665,healthy,0,0,0,0
58,4075.835682754062,69.45828556810088,56.594464201381506,92.83191780043325,194.57606087283224,694.9475572662732,25.661923679862703,0.19678386132115294,11.367286983552415,15.27943671381342,1503.97244528171,cruise,0.3006756053171487,0.1260955953858346,0.009695532447459763,-0.02683845613510588,-2.323614914734755,-0.025329989911967263,0.008989460427329508,-0.03911960200087625,1.0,199.98388888888888,healthy,0,0,0,0
59,4094.682822609742,69.21460170433052,56.823973037106725,92.73951300241725,194.5510831761513,693.6027118346266,25.724742329922776,0.19180800350480914,11.313108079461761,15.18655125295681,1499.234924710605,cruise,-0.32680860312783777,-0.061251126587746764,0.12130536433483943,-0.24932927769653906,-0.8253523066346576,-0.008078849889598718,-0.0009455502232784079,-0.06394854124459019,1.0,199.98361111111112,healthy,0,0,0,0
60,4092.6895374541878,69.43523656511182,56.18231045844718,92.79534052937363,194.64104368219162,690.6284461875297,25.764587192280562,0.21918570198593607,11.391242894736543,15.18153109015022,1499.1521970065185,cruise,0.9710754551191794,-0.17461325377327472,-0.014000541653004121,0.6627120479443638,1.2094827991199077,-0.03893191140174101,-0.004914028827132632,-0.00780622721700662,1.0,199.98333333333332,healthy,0,0,0,0
61,4069.9204870233307,69.18059674997758,56.42126361602317,92.533679648442,194.79353562123947,694.5547837011347,25.77572774828502,0.2322901251196385,11.49723364150624,15.288137252985056,1496.5563850370902,cruise,1.1230079240520492,-0.5807124430530641,-0.05184201056617077,-0.16598449174769805,-1.099375490365937,0.0960138944322569,-0.001487562996732262,0.05591642102784955,1.0,199.98305555555555,healthy,0,0,0,0
62,4113.064270092946,69.64194868709212,56.9358249148725,92.8475446101638,194.98596579485246,694.7447903280464,25.854711939674687,0.20474256812837144,11.834448957892317,15.37968424994188,1499.0651287461612,cruise,1.5875335201936245,-0.027876497135370555,0.042967264680686824,-0.037423304290060445,-1.6210347869012898,-0.02846428217345645,0.02627392554059368,-0.004417219380672519,1.0,199.98277777777778,healthy,0,0,0,0
63,4114.723686438905,69.88076460951984,58.434170762381434,92.6358429337428,195.28141257728123,693.770308661976,25.592173441757133,0.21465578321195797,11.569202016911259,15.342112456318604,1502.807165106166,cruise,-1.8355622051536735,-0.08239429781847367,0.05254299787833477,-0.1132885916928623,-0.16262418381952032,0.04162742669410153,0.01497756426232015,0.05535011379815365,1.0,199.9825,healthy,0,0,0,0
64,4108.311204730671,69.48704617072589,57.737084828983285,92.35891615884714,194.4404001791313,692.1885532830835,25.723795141483976,0.20018123379353808,11.655948340646912,15.390277841065782,1498.373073166765,cruise,0.46181427771472816,0.06621171599077394,0.13921545836678972,0.04026269206032008,-0.9204943553088654,0.012497191413742732,0.021257016251417255,0.041374963210556816,1.0,199.98222222222222,healthy,0,0,0,0
65,4104.654043807171,67.77277704110499,56.57052171614555,92.51997761893712,194.66248277006767,688.0897404701789,25.55993625029192,0.19707847043992588,11.538268658204675,15.474779726656726,1501.2308913843112,cruise,-0.26134222237123317,-0.01292806127187373,-0.17295684518359616,-0.06650135915275282,-0.4067069659488111,-0.04169156088712955,0.010368049581970469,0.03712005689550768,1.0,199.98194444444445,healthy,0,0,0,0
66,4100.175536708903,69.09316050843493,57.14304971084733,92.87655389069113,194.38956861153272,691.190974960851,25.76758083249065,0.20590205682629503,11.444658365864496,15.488481254093811,1496.5882245534187,cruise,1.3330005782630476,0.07305422605161614,-0.06248952207609494,0.12013838031525663,0.08128088368681283,-0.008230146413397558,-0.0022732343906264503,0.007268375982105549,1.0,199.98166666666665,healthy,0,0,0,0
67,4115.16609610091,70.10856452700291,56.916847857912416,92.8607442608435,195.29391287921578,694.99781382737,25.869395627197843,0.18899384949859935,11.35801676469361,14.908878336498532,1504.053118382443,cruise,0.45891968213644624,0.07579007169792168,-0.02788609406184325,-0.16793904119547778,0.5444886619663393,-0.09036332186226204,0.004937809880104012,0.03524891939873225,1.0,199.9813888888889,healthy,0,0,0,0
68,4119.338555510083,69.71731445165204,57.953760127702175,92.92249685099313,194.76797739040694,693.9782047793138,25.685028280901797,0.23470190433857765,11.341426452807317,15.205390955605944,1505.66521372418,cruise,1.788000440469088,-0.03588940177323635,0.14557161237917962,-0.1341326291508275,0.6189136265326542,0.0830462980074598,0.012493298076430213,-0.07100391355868511,1.0,199.98111111111112,healthy,0,0,0,0
69,4113.921798205515,71.10548304991438,58.54852341880466,93.03118495133097,194.7708334677431,693.356156341014,25.78355851159282,0.20824073354267592,11.22791294584465,15.272364705659252,1507.0719096016192,cruise,0.11777491112901373,0.06960522831797591,-0.1953928702741069,-0.6251258896079853,-0.35339237654658295,-0.006272818676366642,0.002249489401181904,-0.028412469581986167,1.0,199.98083333333332,healthy,0,0,0,0
70,4108.19721410288,69.93441988425181,56.534209275062,92.86565623059597,194.01083552642183,693.3050133206057,25.742752421351437,0.21395809428935528,11.513491068957297,15.172823897920507,1502.2484491968676,cruise,-0.06822798070090551,-0.24679849937168494,0.20987751540328406,-0.32430362292042525,-0.46454763094352497,0.045306684214666756,0.0014997804595469856,-0.008947183281777368,1.0,199.98055555555555,healthy,0,0,0,0
71,4099.8801650257465,71.00209373363207,56.47149461656417,92.84230767888842,193.69243792653788,696.4123389230894,25.790843280732204,0.2392018211706262,11.328374801184125,15.191442577279714,1509.934297829844,cruise,-1.4745881068576685,0.11912875332050983,0.17867694940515344,0.04249715244080988,-0.7822977789972743,-0.0011326382276178105,0.005744524807687177,-0.0498933994741735,1.0,199.9802777777778,healthy,0,0,0,0
72,4088.3562518375043,70.35077276800929,57.66584791056493,93.09700692607541,193.74759783449255,692.2590383203111,25.789052031056357,0.21088499908396335,11.489802679523576,15.417419266038838,1497.4847125064332,cruise,1.554022571776819,-0.26759477950021754,0.035099015820890936,0.33338586489604166,0.4436473602554458,0.0031317760903752548,0.0105279551844484,0.01034816849694957,1.0,199.98,healthy,0,0,0,0
73,4126.189232201954,70.65775559417528,57.19035332865826,93.23469327330794,193.39250822583435,696.0183171985045,25.80122564624497,0.20840529106998545,11.392266335120945,14.717382686339617,1496.686467209589,cruise,0.5940118183387336,0.11524372123233739,-0.13482718198350546,0.10282343667580819,1.655883432298315,0.04610250757608867,-0.0002789948857792556,0.04334001785612807,1.0,199.97972222222222,healthy,0,0,0,0
74,4089.51098504134,70.2286981641615,56.93428901824703,93.56764516927569,193.36602254372843,694.0326091561296,25.729176495826213,0.23999032467784515,11.667784361805731,15.432279172909247,1504.3809009594568,cruise,-1.287922281286787,-0.056165567383308246,-0.0010053093129933157,-0.19602920835066917,-1.4871678219527797,0.0890746523796117,-0.022964361443654782,0.03219627058273502,1.0,199.97944444444445,healthy,0,0,0,0
75,4085.8201888455624,69.02019619274365,56.167094055203805,93.66942328563191,193.5074145528509,695.382774307115,25.665180827660752,0.22028546798963272,11.632002689263576,15.034037965458127,1500.8292173267635,cruise,0.12911871205684428,0.06679955174529852,-0.11605682063183816,0.6223270313851689,-2.5381883730622525,-0.05930057092431368,-0.010116593983254088,0.06579697929938914,1.0,199.97916666666666,healthy,0,0,0,0
76,4105.488580449967,70.86528843333015,56.34205044013906,93.57727355776413,192.91431072688988,696.1857433457063,25.86836795171289,0.20970133645567507,11.247600127444663,14.744378074369964,1499.8900236179495,cruise,-2.910973182847088,0.2866254450023256,0.2039446901521522,-0.1964614736957923,-0.6353277365428216,-0.08343282086604811,0.0025443151798907404,0.00016101395220817342,1.0,199.9788888888889,healthy,0,0,0,0
77,4107.799452262211,70.56806747040393,57.83222465211792,93.52899882665803,193.1859884978082,695.0598402222813,25.999277602044202,0.21203838130837563,11.442730284658285,15.26327817044791,1496.9826978006254,cruise,-0.7162111051559389,0.24097530890755514,0.015335888222515935,-0.13206250352161092,-3.7495713639217687,0.08786171311417512,-0.004293824678817679,-0.0882109509821313,1.0,199.97861111111112,healthy,0,0,0,0
78,4102.479062150452,70.2163612381708,57.72479837237702,93.30470665640759,192.7186883301485,695.477474818674,25.894011066108206,0.20650742760177668,11.459344126260588,15.171281126101105,1497.8799302495252,cruise,-1.2956262312557296,-0.11760186519306637,-0.059832617466943516,-0.33165115246398513,0.599990636375691,-0.0339809520177269,-0.012779312721448928,-0.08671872460067363,1.0,199.97833333333332,healthy,0,0,0,0
79,4114.617961421452,70.24837874560366,57.53134751815285,93.59314673206694,193.5486393611124,692.3406860528639,25.875483787273282,0.23652079229716347,11.11958746610707,15.54437436738955,1496.7401386887782,cruise,-0.05856442705915853,0.3539282320194372,0.03127085772760077,0.26949570902535036,1.1801745942060082,0.10687318336180734,-0.006196090087848093,-0.055173157036570955,1.0,199.97805555555556,healthy,0,0,0,0
80,4103.386298854718,68.45480699271711,56.818472907447244,93.6906316937957,192.91242639147194,691.1163839380514,25.555838447244103,0.2109900671944636,11.395349389750214,15.636495688374195,1499.8186190126064,cruise,-0.45502720566150284,-0.18976567350156223,-0.24385343314204136,0.3129486265619077,1.1687406550041677,0.049655810605128636,0.003257012835945784,-0.028587797076852106,1.0,199.9777777777778,healthy,0,0,0,0
81,4086.9712119716523,70.73052846748952,56.343776754316686,93.82846652536576,193.35327787813486,690.6571584694386,25.858941853829535,0.20633117679024388,11.461938194192909,15.131915928326475,1496.64689062591,cruise,-2.04913911521638,0.3290545232462691,0.10229444442920764,0.10719094492697996,-1.4583726653533529,-0.06335938259075685,0.009702979859730582,0.07393138723272183,1.0,199.9775,healthy,0,0,0,0
82,4133.3429307523265,68.21280024778562,56.949221848866124,93.45598949647615,193.7019536121335,688.185260422782,25.558320396759314,0.22126050981889991,11.733065292531885,15.019511849108108,1513.6959127493935,cruise,1.0473400032558557,-0.07121130518647403,0.03617708766126585,0.01601366591644988,-0.39083506600932266,0.008713540159228003,0.0010923560763328505,0.07645637430899356,1.0,199.97722222222222,healthy,0,0,0,0
83,4126.895521930279,70.76220070074488,56.58950868860886,93.5154990819785,192.02794998974318,690.0758977128071,25.901567676915555,0.20141958403262142,11.630485754561775,15.335413865742474,1503.4003091720365,cruise,1.1452240395458118,0.016212074268668844,-0.0911165432603725,0.35989101194808965,-2.190774212423082,-0.006343777019104448,-0.010650313100252542,0.01808514724462442,1.0,199.97694444444446,healthy,0,0,0,0
84,4099.58467527621,69.85837456027578,57.37007927835931,93.56919231578884,192.76053874772873,687.9929955056173,25.945046808906092,0.1712861319213884,11.72515806336118,15.322707171202822,1503.2293235305094,cruise,-0.283587557759481,0.0034877776695812638,-0.0015334145337646745,0.17557508948190717,-0.728942848818188,-0.10598395565048496,-0.009119494095613937,-0.04395944402440875,1.0,199.97666666666666,healthy,0,0,0,0
85,4102.551628288341,70.64203119791419,56.967663908056714,93.67746970634818,193.40164309767064,688.8217191779264,25.880406350054912,0.2397011484875387,11.471062171960485,15.341188239671775,1502.3538141567772,cruise,0.5139490856556502,0.03557510286856272,0.043115583289978,-0.21732040721171236,0.7514339729409703,-0.13734717013289255,0.00993320855608418,0.04936762464036626,1.0,199.9763888888889,healthy,0,0,0,0
86,4097.209239730849,70.84112527015083,55.5813470029874,93.9339118515827,192.81880634830537,690.6180315929624,25.86641734864323,0.17668892053086863,11.515645424232229,15.004981237801179,1501.4866581558122,cruise,-0.26246023840744787,-0.05833325894422934,-0.11407640736398415,0.0500349471807559,1.7215591794844132,-0.045595248765767024,-0.0019130006533770961,-0.043027082959255655,1.0,199.97611111111112,healthy,0,0,0,0
87,4112.354003855388,71.33117207409619,57.337872098599135,94.00142975443777,193.26391099381289,690.5464287437586,26.008719217407315,0.18320340824244236,11.561082711549702,15.27293039786889,1501.791497155522,cruise,1.451948911898477,-0.007978029546501769,0.23247398454214682,-0.23655997041601692,0.4158200482510579,0.04040583590324068,-0.0034661364522148514,-0.12931875393123948,1.0,199.97583333333333,healthy,0,0,0,0
88,4088.591814652814,68.58861916564251,56.9178657476874,94.1842130026193,192.642344485921,689.7218071954021,25.733012871694328,0.24170182321857434,11.649573775194318,15.228292817425757,1493.558249400332,cruise,0.26968245759325354,-0.023821450214386627,0.255730691744541,0.5334544899419476,0.9607050124236086,0.04315690216689033,-0.009424634091187612,0.007902326926389388,1.0,199.97555555555556,healthy,0,0,0,0
89,4089.1237566146015,68.96961082184629,56.243294235142635,94.51797730548334,192.63259610211068,689.6356002627768,25.718579002601864,0.18154564394845438,11.432079185621182,15.202259957990963,1502.139639979151,cruise,-0.013874506960919693,0.23956810482821234,0.10690564310775608,0.4975382481643247,-0.24123952755582947,-0.06631294776226877,0.0032682231374912287,-0.12639631768331802,1.0,199.9752777777778,healthy,0,0,0,0
90,4100.842815151365,69.54103367688302,55.82680086594414,94.29847510928371,192.852302072166,689.0455476958024,25.794309290493008,0.21448174604472411,11.723966286159035,15.010852485187744,1503.2435812061442,cruise,1.4484743210442705,-0.30469219188931584,-0.059251070595895156,0.11240636638554628,-1.0074141632277875,-0.02910958698661911,0.008026545424891502,-0.04556894942091208,1.0,199.975,healthy,0,0,0,0
91,4097.362900222234,71.47468444181371,56.67171917290516,94.32757942486924,192.92154664679646,692.39719543437,25.983964772876817,0.23477211686485217,11.45631810928164,15.093001298567097,1491.7858452920248,cruise,0.9119752552377421,0.32762457934474637,0.16071972985069327,0.2630742788148166,0.9739508346888672,0.021169099066662266,-0.011364775728204523,-0.03292814322325469,1.0,199.97472222222223,healthy,0,0,0,0
92,4112.641058908464,69.5272997269439,57.042473750628474,94.72363202921545,192.47520923663956,691.1024754604746,25.884708978001722,0.22374601065682043,11.427674084403298,15.563353787760354,1500.8738889857545,cruise,1.5850229659766595,0.060183299198193686,-0.0026384587046127295,0.8555090782270185,0.7339900144550568,-0.0169024032123614,-0.01736178679810724,0.03255361565564311,1.0,199.97444444444446,healthy,0,0,0,0
93,4085.971383485292,70.455347470443,57.21262620959376,94.71750076573213,193.16730917402285,690.9285978837039,25.90038613002604,0.25081985368295606,11.663246190618603,14.880386231981634,1498.2479666879992,cruise,-0.44936024500892563,-0.03994255365964606,-0.13256767512105355,0.43721863844410874,-1.9140445169162708,0.021659496374562562,0.003812789217288,-0.059320177545342745,1.0,199.97416666666666,healthy,0,0,0,0
94,4075.754703161688,69.76073547841834,56.69954900047996,94.61912169015909,192.45778204906142,689.0128288960616,25.789852276073553,0.212263661543834,11.10947609039578,14.918646842563442,1497.1970497601528,cruise,0.6045393908391008,0.0426039041088179,-0.14732153887703658,0.1013270544966688,0.4726023314923569,-0.11603409235135503,-0.006076031484897206,0.0729100314999635,1.0,199.9738888888889,healthy,0,0,0,0
95,4114.43238247457,69.28240112245473,57.158199401768805,94.78385072738742,192.3187445298869,687.3963959933249,25.716563054603157,0.2059615064502894,11.426683695130196,15.505549481297711,1506.463947136664,cruise,0.645626289504788,0.017613591154893884,-0.2607577275967039,0.009278288653234858,0.1123084568190976,0.04891858636812494,0.0047516812705777935,-0.037711520042992636,1.0,199.9736111111111,healthy,0,0,0,0
96,4116.240129851418,68.59719219640098,57.82885165203402,94.33674246787604,192.60393302468074,686.733745247868,25.60078442699136,0.20518851335098853,11.665675412613172,15.315497119107944,1490.065119235848,cruise,0.1404747013409771,-0.2531746182358082,0.0722016619740351,-0.07887857608282235,-1.075604814430346,0.03993807780763502,-0.0013961099608117587,0.1333682304311493,1.0,199.97333333333333,healthy,0,0,0,0
97,4101.041177365975,67.98673097511912,56.60295222898141,94.48941586787143,192.62134644906604,690.0231884092757,25.61036470604783,0.2420980536344015,11.588683047615406,15.45637177582195,1498.189915676742,cruise,1.3187992293235167,0.07855695989754895,0.04802223771988277,0.2112574840230922,1.140733963365785,-0.04718176858411135,0.008777316228838816,0.026064536117802198,1.0,199.97305555555556,healthy,0,0,0,0
98,4115.875838565883,69.86759321920304,56.9345400965287,94.2636899107211,193.36467259272197,687.367307826342,25.83533318607791,0.2326352954070663,11.496704791198288,15.556783085221538,1508.3160466465388,cruise,0.6173561643764539,0.280212408027253,0.030580642777630864,-0.18882042180502312,-0.4453446058173099,0.021707998305952145,-0.01764974105096631,-0.051138191259624224,1.0,199.97277777777776,healthy,0,0,0,0
99,4095.6722803347793,70.29281806304925,56.70577304543982,94.63797960415636,193.70891360595945,688.0403570575251,26.032771547281648,0.21317018878006724,11.54774189280762,15.389889750171523,1497.5537775663258,cruise,0.3281776295937096,0.2592257929411391,0.05743215989669458,0.07900450186549796,-1.6633904717238277,-0.01690748255094916,-0.010563687899594639,-0.024791278571280915,1.0,199.9725,healthy,0,0,0,0
100,4079.9570732962648,70.92754695658368,55.97290960633468,94.938276807247,194.06699613063935,689.4536566676009,25.790744577485935,0.2242763814744957,11.55155040067811,15.317521255380884,1510.9018054850685,cruise,0.10040132419348485,0.16656064859049666,-0.3139815152229399,-0.1666110352230079,1.828815672591822,0.038515176479088996,0.003318700181337683,0.060832473540944156,1.0,79.99999999999999,oil_pressure_drop,1,3,100,200
101,4097.932916556947,70.49010511388954,56.02205315110581,95.18183974222774,195.0594673954942,692.8045365293175,25.875502763842942,0.21080212710675722,11.310420802231928,14.947240622499608,1499.2084654614646,cruise,-0.012523538056650201,-0.009978960816628912,0.006218036129680693,-0.5435515706881053,0.009107722799073887,0.026129556879962587,-0.009766042800244484,0.03478323230638536,0.991,79.19999999999999,oil_pressure_drop,1,3,100,200
102,4092.08810499812,70.14013721640993,55.82538275737142,95.62377714726674,193.63657060559234,692.1350564698739,25.74608619670956,0.19716251592136472,11.932233506895813,15.229085262958078,1492.9511337313804,cruise,0.42351305007355294,-0.817710618492259,0.8008261208240842,0.3034846864457194,0.6481102892662068,0.008731900912577159,-0.010468373563433275,0.005161366551656695,0.982,78.39999999999998,oil_pressure_drop,1,3,100,200
103,4109.139341352926,69.89573786206165,56.34241303579511,96.05524607777548,193.1466979974083,689.1908761378648,25.900276520087548,0.21567810025512837,11.575538056787934,15.465760411924949,1496.4662895218432,cruise,1.258570532359471,-0.8849814428340844,0.48591988558534327,-0.021292291898741916,0.9890914419573973,0.01607772971445521,0.002357852763130173,0.11100381048481767,0.973,77.59999999999998,oil_pressure_drop,1,3,100,200
104,4103.6420827380625,71.32787836551107,55.68351043542989,96.72475644175648,193.88573140627352,690.6190898766313,25.880926896187827,0.22048950743691903,11.264290397326455,15.313670324107939,1500.4654767015381,cruise,0.14290606451671362,-1.2184737669797587,1.1803023204143492,0.17690333215521042,-3.671288471454082,-0.01165662230152274,-0.00782381893389606,0.030889227412162275,0.964,76.79999999999998,oil_pressure_drop,1,3,100,200
105,4050.5567333915174,69.5522317260703,55.062561145762025,97.1469172542379,194.30555720641635,691.4008753565822,25.767613785347013,0.19558325531366505,11.227215423928342,15.624034279815175,1502.9101100673884,cruise,-0.6085712312202445,-1.894163424881344,1.2988140387362392,-0.4990482428071173,-1.9221787237595018,-0.03909393752191652,-0.01945288341183843,-0.027784289789129,0.955,75.99999999999999,oil_pressure_drop,1,3,100,200
106,4132.210952334834,71.05714981140041,55.5561926110386,97.57747912542295,194.16228055725927,688.3142150679848,25.90280030560239,0.17261956900817454,11.442953478989008,15.652092626878558,1497.7083162656845,cruise,-0.5957668041154259,-2.0507561087237836,1.485091345245336,-0.031024849611548506,0.06802223801980209,0.04448274228837716,0.0015054286049248284,0.08290162578619992,0.946,75.19999999999999,oil_pressure_drop,1,3,100,200
107,4099.132447647934,69.57537775487724,54.225912561355564,97.77736356138752,194.43953539556767,687.9468841712621,25.61914039175105,0.2487601348763494,11.563493505095648,15.132915253879993,1505.3408693118843,cruise,-0.49449728418869254,-2.5367848326749045,2.1322183302584006,0.15245776782269746,3.3381268497109526,0.010826864369630304,-0.0034639136373563234,0.01971644026278499,0.937,74.39999999999998,oil_pressure_drop,1,3,100,200
108,4101.959952952653,69.3203511474881,53.744593205140966,98.40546253174183,193.93485394630721,686.2174876628773,25.856616008059305,0.20343983616108322,11.580085459971365,15.29310354688639,1499.5741827820332,cruise,1.0087374183138793,-3.3011920708301545,2.2251390854583697,-0.8258508609743306,0.04061177027485506,-0.04884128021202827,-0.0061618244545461765,0.08925909938892657,0.928,73.59999999999998,oil_pressure_drop,1,3,100,200
109,4118.873888148629,71.0052877619748,53.20419208285409,98.91383487670541,195.11678841491724,691.0632714716825,25.832059262762225,0.22223827123913023,11.52224375592493,15.492385094526128,1499.0738974293452,cruise,1.1841110185766766,-3.196668064003648,2.2963196427138888,-0.2833176453893063,0.1722182118809179,0.03200381584166397,-0.024262702959907588,0.04230083723265299,0.919,72.79999999999998,oil_pressure_drop,1,3,100,200
110,4083.817766112606,71.65313329066483,53.155042069162256,99.35271092179447,194.74433465973092,691.3940982234127,25.85054609146747,0.22436064353808294,11.749654632176172,15.433477521031936,1501.6091675342211,cruise,0.32379827013982754,-3.612899740327339,2.7599497740602206,-0.1227175400237065,1.4076653249697486,-0.007960005579852417,0.012713701166710965,-0.005900955479432434,0.91,71.99999999999999,oil_pressure_drop,1,3,100,200
111,4087.495342703865,69.66683688171032,52.38608096368515,99.87971728720456,193.61203154697506,692.2135011843047,25.829129176236865,0.2094757294283828,11.336932194409226,15.304691849543708,1491.0932956263794,cruise,-0.2548167636315313,-4.19702558365554,3.335271498070887,0.010588602706898735,0.3667138274212385,0.09711693895629797,0.004801221327015432,0.018939831249830157,0.901,71.19999999999999,oil_pressure_drop,1,3,100,200
112,4143.6269822216755,69.44864597787289,53.606451810091606,99.68162652441833,193.73922357711524,691.9947933961624,25.676231299909773,0.22946704827293446,11.373460879264691,15.326777976222111,1503.651971289645,cruise,0.023772176373905496,-4.134859247431779,3.329503932788341,0.25801891276776906,-0.5622242957345992,-0.045919913477476454,0.0007282635031159287,-0.07552300989913265,0.892,70.39999999999998,oil_pressure_drop,1,3,100,200
113,4090.3654846420523,69.86549579434373,51.72509229902429,100.14420324134541,193.45699126086694,693.1640383426952,25.772229714181208,0.18305074269616592,11.577956016536072,15.205712861368314,1505.058729627155,cruise,-0.24947808973071323,-5.127424060197333,3.5609721028907138,0.40445143560131686,-1.5028154800223321,-0.005690640198433767,0.005416091304847916,-0.020791519608492667,0.883,69.59999999999998,oil_pressure_drop,1,3,100,200
114,4099.414941608965,70.66923016970543,52.27400064386873,100.37692023913539,193.86557243211897,694.8604748098008,25.878464501065384,0.20190374291081412,11.639318748185875,15.02209109354261,1495.1928129762289,cruise,0.727613311121252,-4.868954541089238,3.457370713441401,-0.24419317306821903,1.661977549622621,0.006268025350146177,-0.008301092628029859,0.03981724942127535,0.874,68.79999999999998,oil_pressure_drop,1,3,100,200
115,4114.78252043226,68.48322371780361,51.73448391079905,100.69495402131133,193.55896892750647,695.2034325072658,25.637611591402223,0.21185907146193747,11.457304342170346,15.658480793010417,1494.995231990637,cruise,0.45993853221805275,-6.061009843145413,3.768986520747133,0.23147034579340656,1.8662321089039438,-0.020429969047161087,0.0006856815998788056,-0.01759892031876067,0.865,67.99999999999999,oil_pressure_drop,1,3,100,200
116,4094.1540471610692,68.88587975656297,49.44585787255268,100.63162217565227,192.94334969493448,693.8764526601178,25.67475127490702,0.21621963087107451,11.526945785992732,15.001153745998872,1506.568594484725,cruise,1.0049104406445073,-6.118992545034334,4.0701743006838695,-0.06167168090518844,1.0989235428300326,-0.05652608790771468,0.002861334351736116,0.06456439286384688,0.856,67.19999999999999,oil_pressure_drop,1,3,100,200
117,4118.914181237268,71.08452867926508,51.33750483382559,100.60621240627314,192.43883303981033,694.8066329379133,25.933374636837527,0.2215465563409435,11.548874779965617,15.238418829219482,1500.6619156556033,cruise,-0.7598793427642822,-6.929682589384888,4.756377379403987,-0.040766825502544735,0.22440386359967812,0.03331208400153176,-0.011995248943269475,-0.04893908823398355,0.847,66.39999999999999,oil_pressure_drop,1,3,100,200
118,4097.12620344183,72.10708504817042,48.986769769652746,100.77880876588377,193.17918475292942,693.4581878628057,25.97287336601245,0.18008490983022693,11.525156402981203,15.47628215642692,1507.3072616777777,cruise,0.660680888204425,-7.02400325224104,4.728642757994518,-0.14839593187268402,0.9935204460230338,0.052028125161877097,0.020139708233568313,0.01719284229147845,0.8380000000000001,65.59999999999998,oil_pressure_drop,1,3,100,200
119,4104.205619517177,70.28980648969022,49.24564961979563,101.20457331650516,192.75183116938567,691.7590891827608,25.91927256541265,0.2417098560177483,11.468838849446431,15.380873517610818,1500.5306263443013,cruise,-0.37082973765176386,-6.4487054987881205,5.126223027443594,0.4667284063410574,0.7403929837882017,-0.02076774093611356,0.012180449655984317,0.05375977779871965,0.829,64.79999999999998,oil_pressure_drop,1,3,100,200
120,4121.68550819703,68.2679341466466,49.91846977304222,101.59385130987103,192.78597362142872,690.6808713081874,25.62138711576692,0.21560529913386614,11.478053475616527,15.31550314593635,1496.6129152913,cruise,0.5975849054046637,-7.831860836294762,5.344392379021364,-0.007449227574809683,-2.620841338617465,0.015809786850981156,-0.0012597944493676584,-0.022421239919577406,0.8200000000000001,63.999999999999986,oil_pressure_drop,1,3,100,200
121,4110.107044315125,69.28822834273133,49.69113719792351,102.21266088113828,192.8015027531206,691.1114660496245,25.662221935666338,0.19723782777796184,11.327871525787252,15.498790547828202,1501.1760243291524,cruise,-0.30320689105412063,-8.45914887842383,5.547455613820455,0.30434460545010533,0.14293541515389646,0.04984790124836169,0.007583822810254648,0.014840018689400087,0.811,63.19999999999999,oil_pressure_drop,1,3,100,200
122,4076.4662811229855,70.22751506902256,47.91136852547581,102.96079833855549,192.19283342951658,688.791497912595,25.657562734443434,0.22949359487310658,11.290121141660327,15.230296783540444,1502.8574976996613,cruise,-0.6943720829538179,-8.128731949400162,5.901744074123258,0.40326371774005754,-0.12941872783264655,0.09718662864805669,0.004774009061845045,-0.06632175572081352,0.802,62.399999999999984,oil_pressure_drop,1,3,100,200
123,4087.55392018765,72.41165376176403,48.378046878310165,103.4674275698718,192.76510493660945,693.0726688519567,26.137083200011087,0.188615784612258,11.230616450423248,15.620686209159643,1509.026148366625,cruise,0.49185589576041233,-8.460884959820193,6.323004022565166,-0.022951500543411194,0.8181393316732471,-0.06969292005038057,0.010822649981162079,-0.03489573310017887,0.793,61.59999999999999,oil_pressure_drop,1,3,100,200
124,4134.762333043418,70.05285427590074,49.39994153065361,103.9335633703986,192.46921433857474,694.8017212505779,25.76902473037784,0.19338566075240224,11.539687804686887,15.089020927919572,1500.1151764288493,cruise,-0.6437997502256667,-9.057864510848965,6.277925751881875,0.3776764430728284,-0.3501459320816693,0.0383060503218269,0.011035456268072731,0.07622632027666776,0.784,60.79999999999998,oil_pressure_drop,1,3,100,200
125,4079.066493516005,69.90166871857227,47.34204070087161,104.21970716801935,191.54926152458958,696.5353045062848,25.747747335259746,0.17571058019540414,11.74631698604662,15.541079944307532,1499.2099002994992,cruise,1.60576615518317,-9.034595889519599,6.734943497915471,-0.38072206843500317,-2.9282028549829135,0.11632919208860684,-0.015909098047735798,0.03480758989517004,0.775,59.999999999999986,oil_pressure_drop,1,3,100,200
126,4094.7003200221943,69.96353770552287,47.293569853697036,104.30454312780131,191.63672330551768,692.831197773009,25.7302287779595,0.22511468501180085,11.699038999697123,15.249756260961892,1502.5934492670408,cruise,-1.3781904723618765,-9.48771825668669,6.898673730610559,0.3398804092382383,-0.39460458029499357,-0.056468322071048085,0.01076511972923669,-0.12648555221606436,0.766,59.19999999999999,oil_pressure_drop,1,3,100,200
127,4105.8286445729,70.00381346820105,46.965058969159486,104.46399875148175,190.70888578393067,690.7993631750924,25.627522879479784,0.1983502447790342,11.611552801934389,15.359357783533985,1495.9900005158818,cruise,1.3030875280847818,-9.88193132189553,7.3099284781102565,0.6340546448413502,-0.016177247331719647,0.06697109481931253,-0.002539878283958649,0.01999763277719329,0.757,58.399999999999984,oil_pressure_drop,1,3,100,200
128,4095.7556284760008,70.8297804578541,46.08101521886173,104.64553472656837,190.49930599588825,692.6008429315613,25.779239151091627,0.21087646400336954,11.464985938194786,15.343768545513425,1499.8718639712415,cruise,1.2904233553252193,-10.156990350959047,7.479249381445554,-0.22277855781351166,-0.31532115703501046,-0.07787107976315658,0.00373515059662496,0.0030020637565051898,0.748,57.59999999999999,oil_pressure_drop,1,3,100,200
129,4120.775023894658,71.69638568100294,46.71125929857538,104.90432306255677,190.33847482709086,689.4141614712759,25.945606282462006,0.2071022296341778,11.50654905102309,15.451869576963528,1499.2390880249266,cruise,0.17830016687984246,-10.87271620101667,7.85045665426033,-0.5297921012767034,1.6638716792303152,-0.05444053970796773,0.0009932865329714449,0.10853185831273374,0.7390000000000001,56.79999999999999,oil_pressure_drop,1,3,100,200
130,4088.8995102830104,70.29178690715929,45.115333329291566,105.27324772088048,189.40518828494055,691.6965713517528,25.8123073381707,0.23319763658898643,11.451434966181028,14.75517677949742,1497.2708172761777,cruise,0.9289427929719044,-10.844392578723307,8.065353068495792,0.5857072282907292,0.9435448463618072,-0.006221515969277486,0.006267340293860929,0.02156589489300488,0.73,55.999999999999986,oil_pressure_drop,1,3,100,200
131,4070.7380593335297,70.99552321152362,44.591832286176015,105.65209413868098,189.89449707901656,691.5191841802122,25.997153091052144,0.188797758153296,11.727944013358137,15.182838042037979,1502.4861217068967,cruise,0.01994176028336858,-11.185585972671264,8.660634690422418,-0.06943202506352752,-0.8907287579952838,-0.04647383653523246,-0.005892732973469418,0.0070879982228126805,0.7210000000000001,55.19999999999999,oil_pressure_drop,1,3,100,200
132,4103.314622371445,69.41149612012978,45.48828944449399,105.85608674569143,190.153841372441,694.2384645012465,25.660644737667567,0.21049533331407372,11.424545557422336,15.134421795342698,1499.9005713700146,cruise,0.42102171557093243,-12.224219509094539,8.417538780155018,0.2249063179845278,2.4276490730037055,0.00020469007101763957,-0.004136993498406138,0.05883919381946301,0.712,54.39999999999999,oil_pressure_drop,1,3,100,200
133,4100.363356288871,70.86782409170002,44.353308221690234,106.0649397675676,189.57347288597092,693.9850532420365,25.74042664289169,0.21686485205615721,11.301019225811404,15.465792502477735,1496.6307970166374,cruise,0.07958597840827893,-12.417454482432278,8.63886974584813,-0.19975525303900646,1.6566472401381573,0.006848268365781936,-0.0071361153789232,0.014337699442498728,0.7030000000000001,53.59999999999999,oil_pressure_drop,1,3,100,200
134,4128.280159273173,70.60059020489146,44.9173187640334,106.43128808885129,190.0894105142816,693.1164620796986,25.76824355070218,0.21331544166821167,11.353758972592894,15.538742274233147,1500.4896692584875,cruise,-1.4215428581870417,-13.247639332435991,9.130627645415414,-0.009949822149242766,-2.988509155611361,0.025314581820002027,-0.0094321636407059,0.05547383624502442,0.694,52.799999999999976,oil_pressure_drop,1,3,100,200
135,4137.910038407143,70.07435233585575,44.04097222279671,106.74385799306114,190.07440963064138,693.0781073479408,25.664670212456226,0.2139100651382314,11.50037491322245,15.451388570967255,1499.8158206242622,cruise,0.10134442582915482,-13.1459651631172,9.613018114191977,0.0025119817097772655,-0.26925043864227516,0.0890277713042148,0.0008709893708258947,0.020001955653510015,0.685,51.999999999999986,oil_pressure_drop,1,3,100,200
136,4108.277157612156,70.76799407102165,43.35491911365309,106.72193208626092,190.6709738795361,692.0509997087607,25.754151733841248,0.1856144694257635,11.553044247998113,15.262629627770158,1503.1180941191578,cruise,-1.367055265993494,-13.481477292298367,9.502369994326488,0.05935835976744048,-0.788364931133851,-0.025599747622324427,-0.001662519401865651,-0.04226631424706394,0.676,51.19999999999999,oil_pressure_drop,1,3,100,200
137,4081.2338263838196,68.30617096576198,42.188549704426904,107.03433190179838,190.76169150361554,690.9111141027903,25.545831108734706,0.2181816734513972,11.548148802504668,15.2266706525344,1498.703976247835,cruise,-0.8054120859056719,-13.915933692877356,10.151218700397024,-0.29163441624336933,-2.1110415877671658,-0.020227813584704334,0.014240443297459802,0.04521964686217832,0.667,50.39999999999999,oil_pressure_drop,1,3,100,200
138,4084.156891299554,72.60101171948754,42.557163072172905,107.60698133662822,191.15453970147658,693.023686046356,26.06048695777477,0.22395488117457465,11.285413421062659,15.39180073603446,1500.8990302741702,cruise,1.944868285653117,-14.509631926271439,10.279847031630425,0.39779729055462615,-2.8672935497297085,0.013432261504274401,0.0031441483410589405,-0.05634299464784377,0.658,49.59999999999999,oil_pressure_drop,1,3,100,200
139,4105.467172425029,70.38890501822094,42.51593988531453,107.95368628361425,190.67351246979788,694.3051441236578,25.934729096030903,0.19087926866388366,11.521140893648079,15.14997859802759,1501.7824530660987,cruise,2.003944805457885,-14.66799375750019,10.077176078917573,-0.4842365956467743,-1.7907138689357556,-0.07655396407758154,0.002778558518495728,-0.0701632880912432,0.649,48.79999999999999,oil_pressure_drop,1,3,100,200
140,4086.2594516151325,71.01263398357307,42.121457297993786,107.69317378832304,190.82963613845857,693.8813758300574,25.82181907139141,0.1961945477617799,11.493760549258347,15.029798066279351,1503.0563439437474,cruise,0.27571029826188526,-14.758299713245881,11.037227300294212,0.2218856517625479,-2.293805022628622,0.017197612035838174,-0.007442637338360102,-0.05476147611171335,0.64,47.999999999999986,oil_pressure_drop,1,3,100,200
141,4122.301659134191,68.3579836876202,42.185940129968486,107.75632340010387,191.1558924982406,695.5926364092425,25.588236203117287,0.22823571981698956,11.55549901924415,15.20387297749585,1502.748962152463,cruise,-0.22799591121290894,-15.686882811709047,11.110739440155346,0.17853912348246068,-0.21987685672498491,-0.08455404891830698,0.005226650974105367,0.018295138740429463,0.631,47.199999999999996,oil_pressure_drop,1,3,100,200
142,4105.434413823449,69.43318211043237,41.30995893060532,108.18925041240267,191.21587218756633,695.4515646541913,25.77147506701074,0.18382018819547707,11.586552899631274,15.331870839848605,1503.3877919820707,cruise,-0.36376600309939483,-15.004392248658998,11.184822490175202,0.26764768788645316,0.784577097214838,-0.004220407944916307,0.0010006766566350931,0.054653078684539946,0.6220000000000001,46.4,oil_pressure_drop,1,3,100,200
143,4082.6438421480975,71.50785325334991,40.08648757233119,108.77281587385312,191.7712767172865,692.7746646549283,26.0718646506209,0.2271972074743863,11.5573085186616,15.12164401384522,1502.2785060526514,cruise,-0.22635139699242712,-16.156538337499708,11.800476202326404,-0.07915177926085466,0.9232239486703966,-0.028966050760114034,0.012263864699301984,0.0010980251171874573,0.613,45.599999999999994,oil_pressure_drop,1,3,100,200
144,4112.401515645509,69.60825931844028,40.741532941091904,108.8234927134387,192.01327735022397,693.3718291671903,25.664860614349074,0.19751703902698076,11.480476146345358,15.25711015759845,1504.5678733676405,cruise,-0.8788795506492385,-16.659246964209288,11.830759132184237,0.03734770818569721,-0.49919479149811385,-0.03922489225406502,-4.651805837976934e-05,0.006775690515497936,0.6040000000000001,44.8,oil_pressure_drop,1,3,100,200
145,4094.504945581357,70.73750807141256,39.989004744687165,109.07160792639144,192.8276437600813,695.2320581094865,25.704365235456404,0.18876710938965144,11.519418402077521,15.182031320614028,1496.6870774451002,cruise,0.015621821664929134,-16.686428486727447,11.73699744104637,0.3198193728420846,0.7017747842203197,-0.01563211383182185,0.0077188550020725515,0.00093294506485955,0.595,43.99999999999999,oil_pressure_drop,1,3,100,200
146,4097.683178454585,69.33704899462097,41.10782154340856,109.1550566119118,193.572643894439,692.0179008111687,25.750276652330772,0.1767560831632063,11.422495419275874,14.936260084000523,1501.6732726062726,cruise,-0.6099675689465253,-17.582710315787235,12.917182950043834,-0.195752205698377,1.27837164269465,0.014023511103369532,0.0020336604246446416,0.04212849748824458,0.5860000000000001,43.19999999999999,oil_pressure_drop,1,3,100,200
147,4107.102479316609,69.10808343125153,39.24166777082269,108.99357049514357,193.5532875629036,689.3962447065759,25.83761838945759,0.19288889648707302,11.629817614611493,15.557374304751797,1505.6467803020766,cruise,1.3309838554464848,-17.435929074493707,12.727746333617924,0.13105205823918117,-1.1719159426353332,-0.007803568961999552,-0.005739272846381724,-0.13930095740530868,0.5770000000000001,42.39999999999999,oil_pressure_drop,1,3,100,200
148,4085.3903799280306,69.46649968781084,37.84762581562864,109.45364293979176,193.48558560383242,688.5384499387931,25.88212865800621,0.20070746711437878,11.536174017060869,14.911818748099941,1498.7226889955095,cruise,-0.12453383116345462,-17.821339304380576,12.941276516925607,0.005479937731188304,3.071343526814638,0.11414989193903002,-0.01281442109730611,0.02054646699989838,0.5680000000000001,41.599999999999994,oil_pressure_drop,1,3,100,200
149,4090.188930608991,69.86516453713627,38.029120026186966,109.69631647476083,193.77358574034022,687.5182346207064,25.80506114543634,0.22535178291204583,11.388347426635017,15.533155266966972,1502.7557095718737,cruise,2.018390712315469,-18.892852234835086,13.102924232320689,-0.23986921553187074,-0.7872673844200754,0.0012829677971881548,0.013025621049766638,-0.07225915602707322,0.559,40.79999999999999,oil_pressure_drop,1,3,100,200
150,4116.18359633078,70.48731525359584,38.52276091543586,109.91799417175558,192.8885909124651,686.7441052828939,25.896261689672105,0.1962397172563842,11.485303924153289,14.983339316844102,1509.0067181007248,cruise,-1.4811576149932753,-18.953357495872083,13.437308101427654,0.1387692915800736,-0.31806468044307634,-0.04280694725982744,-0.0028862837853573225,-0.11730097764912971,0.55,39.99999999999999,oil_pressure_drop,1,3,100,200
151,4131.593463434191,70.20213609357343,38.86711881607328,110.19821252796687,192.18728632248926,684.8557338326686,25.717140781309446,0.20577743257989614,11.448665001482189,15.489316258746305,1504.6520890398167,cruise,1.0726465934129379,-19.421460321160716,13.767335460868363,-0.2450586996459841,0.5647885452296424,0.0033651160869522067,-0.02552335932861547,0.06351134339137805,0.541,39.19999999999999,oil_pressure_drop,1,3,100,200
152,4121.8270038259125,68.17713407984513,38.10193121352903,110.78115007472093,191.69789664105977,689.8938420147032,25.47654254299265,0.2030442355503455,11.824584037895834,15.072808396107535,1496.2629405242928,cruise,-0.8342515684352442,-19.5265480733061,14.121729047234371,0.19413537268643002,-1.6935097234197867,-0.0362434973501413,-0.008656814624675059,0.03677626476744007,0.532,38.39999999999999,oil_pressure_drop,1,3,100,200
153,4103.435166512854,69.89738477314631,37.40930578413767,111.04447228076818,191.40236741051487,689.3825382611685,25.80209845103003,0.18967985983671712,11.762381451273725,15.322362421113631,1495.5296787048985,cruise,1.402294926290325,-19.845189706707785,14.147456126671425,-0.38883207103402145,0.40449555341826243,0.01832585227068643,-0.0058541452589001355,-0.009355565065614647,0.523,37.599999999999994,oil_pressure_drop,1,3,100,200
154,4107.11150101337,69.92887468362565,37.15757402083687,111.52609374933813,191.88166865124998,689.9499968468397,25.71941379931834,0.2193193079257691,11.545783835259607,15.188047514335596,1500.7254382405229,cruise,0.2749759145569373,-20.249080744404885,14.609464826454165,0.3076494328304372,0.33701377611706584,-0.03991729040806808,0.005832125183516815,0.023791483633760588,0.514,36.79999999999999,oil_pressure_drop,1,3,100,200
155,4114.025617603621,70.34636607989363,36.06187188044338,112.19838460255966,191.14562412768706,688.9113108348689,25.889151218520976,0.20430150379032347,11.586219104095314,15.170744648155619,1501.3659947009846,cruise,0.47435811602962474,-20.60621199085416,14.85675523952685,-0.5581435659022661,-2.740738813706692,-0.0304235892250483,0.008262803387068402,-0.014594384845772537,0.505,35.999999999999986,oil_pressure_drop,1,3,100,200
156,4109.126771346596,70.75148417578832,36.414954015397484,112.60624367638549,190.84918348437353,687.2346188158072,25.903361138668515,0.2193212550937537,11.339506440156443,15.31938815020206,1495.1813291976753,cruise,0.47019655289896656,-20.393289808209904,15.163825115274786,-0.23117352428858903,-0.14545791612877845,0.03282059289242061,0.005202468865633548,0.020672303443789872,0.496,35.19999999999999,oil_pressure_drop,1,3,100,200
157,4105.519429702844,69.10325939801663,35.26965095622596,112.83212771994674,190.62721637632987,688.7078188659835,25.741139720793022,0.20156410188793053,11.664597341751849,15.491833648714906,1496.859188881594,cruise,-0.3718872793836896,-21.010698057306833,15.601400682703055,-0.15210016525745165,-0.27975798381931904,0.0033349435607399804,0.0042788161490817,0.0105695966596158,0.4870000000000001,34.4,oil_pressure_drop,1,3,100,200
158,4108.672917948773,70.1774733660734,35.449580143364685,113.23299203675637,191.40348558866793,686.9422697127436,25.627762205431615,0.20734671681980074,11.342321385479925,15.063879384918197,1509.6410419221586,cruise,-0.2110480510633043,-20.958272332959023,15.79640327790889,-0.3489536337818317,-0.510706129107287,-0.08517760730602367,-6.423707893500713e-05,0.10385270274322295,0.4780000000000001,33.6,oil_pressure_drop,1,3,100,200
159,4088.867886679736,68.9792352274085,34.51369710588531,113.84038215825333,192.10597469905807,687.5311976764335,25.698376049686736,0.1608130907849464,11.53340147784565,15.154800868233659,1493.887873156813,cruise,-2.241586711488249,-22.54039269334463,16.127214413999415,0.264318532465517,0.7516541901181892,0.10641464858681748,-0.017851442484634522,-0.03723018684294737,0.4690000000000001,32.79999999999999,oil_pressure_drop,1,3,100,200
160,3805.3467434779736,35.24187141830029,27.509265014108045,114.0667325592361,191.7604402409721,673.4168775734728,22.21075153647067,0.17167032375799418,9.397186225157464,15.266632368849782,1500.0,descent,1.2609482328147743,-22.20349319209008,16.28087146780359,-0.2443302263470183,0.4253445976341178,0.04446510004278095,-0.006937762034845997,0.06029398431290145,0.4600000000000001,31.999999999999993,oil_pressure_drop,1,3,100,200
161,3810.951986848561,35.12298309389504,29.303247088113366,113.99579904086224,190.82530187991165,662.7725396278211,22.313469811187424,0.19360242639966663,9.530537608723655,15.86286398285572,1425.0,descent,-0.23836472689909513,-22.960388517444215,16.836538252383924,-0.01870594933933409,-1.4134513677678138,0.05303346637976693,0.007077523628055261,0.014047894713868338,0.45100000000000007,31.199999999999992,oil_pressure_drop,1,3,100,200
162,3762.614689070534,33.70052989045199,28.164948823537458,114.39891170201989,189.7347719348748,660.064779248458,22.24099808713566,0.19352130578554186,9.434762299372442,16.088896568995477,1350.0,descent,-0.16568994640388043,-23.65318048306392,16.76922106902949,0.3721716166041546,1.9894034014590152,0.0031018789706660443,-0.010206331616782341,0.042803607268891715,0.44200000000000006,30.39999999999999,oil_pressure_drop,1,3,100,200
163,3766.868339605061,33.463665115950754,27.091828942985643,114.54381949653211,189.58203343860473,655.0367000528151,22.278416035340857,0.17106314455340654,9.42566599385396,17.012508024387362,1275.0,descent,-0.1709719093541698,-23.726219646339892,16.8331552189415,-0.6034125713966118,1.0456958335756457,0.052657326478555234,0.0009265641810716359,0.06595474454483097,0.43300000000000005,29.599999999999994,oil_pressure_drop,1,3,100,200
164,3777.5909210101668,36.197243351174805,26.30917978739437,114.51422348784294,188.49091707183746,652.9264362150111,22.50960517733154,0.1706956569623282,9.642983312783343,17.043412317366414,1200.0,descent,0.6666553236612999,-24.05918522720859,17.410893721906813,-0.5498317395535894,1.5437755727875655,-0.027285775823121996,-0.004577011824194832,0.09962529853094765,0.42400000000000004,28.799999999999994,oil_pressure_drop,1,3,100,200
165,3801.3090638624317,36.690297541818715,25.464514962559164,114.61646426675249,187.9402569819437,651.3094968226108,22.72836056424128,0.13270744895706454,9.475898562021882,17.937197578798084,1125.0,descent,-0.2325217622500901,-24.163050988055694,17.14261803747231,-0.0547853868448751,0.08500126754623026,-0.04862027418122983,0.0072327605317646405,-0.030873386554437422,0.41500000000000004,27.999999999999993,oil_pressure_drop,1,3,100,200
166,3814.1619138142933,35.54754694576309,26.594434500992044,114.74752870191497,186.81984006051937,651.5143835724115,22.808502841245883,0.2239431671934129,9.594952109734121,18.08625410543911,1050.0,descent,-0.3256893011848467,-24.651108965454267,17.80999630220933,0.770550805810049,-2.264507053590427,-0.04517576384810435,0.011690700684940021,0.004547195127866561,0.406,27.199999999999996,oil_pressure_drop,1,3,100,200
167,3813.47110844891,35.8260339728904,25.66566900020336,114.95544177716924,186.82228170280445,651.3547950789292,22.867801961698557,0.20306909132184953,9.429795743703261,19.086867195543892,975.0,descent,-0.11084228675725265,-24.79885398128527,17.874670604122294,0.029635061737239468,-6.0351074044075315,-0.07413669582837205,-0.0018619556932562213,0.034304608197376615,0.397,26.399999999999988,oil_pressure_drop,1,3,100,200
168,3818.27378019929,34.317533959933634,25.691232769493496,115.15881744330868,186.9930324528341,653.4735139867255,22.765892615329914,0.16653296704100964,9.428351928394461,19.491478553688182,900.0,descent,-1.4457423952266788,-25.725022609626073,18.39693323315412,0.11486024651133588,-1.4424707181803798,-0.08872056823903064,-0.019369400730005162,0.06977672087833818,0.388,25.59999999999999,oil_pressure_drop,1,3,100,200
169,3800.079762348531,35.63164331353925,25.52235060751169,115.43847620402816,187.01015731883768,647.9781751150501,22.933914838819163,0.20542950181813707,9.501223616987962,19.666432381359837,825.0,descent,0.6210258905680386,-25.87618453842599,18.122792431010453,0.24089446627098615,1.0710242538465962,-0.06744635016062522,-0.008704987548880204,-0.04058818965406945,0.3790000000000001,24.8,oil_pressure_drop,1,3,100,200
170,3805.902514562622,35.19727750472924,25.906499913364584,115.38219202076363,186.20435645936158,648.0808895634075,22.902598851191794,0.18026145582904016,9.45450813092885,20.41881378334937,750.0,descent,0.06129436054575084,-26.27330376872919,19.01988293732672,0.32139635459362215,-0.4441433955938904,-0.029801690556628527,0.016523105522200442,-0.05456699597931763,0.3700000000000001,23.999999999999996,oil_pressure_drop,1,3,100,200
171,3782.528009999541,36.88677374614152,24.26145228882781,115.3314770409047,186.2813141884146,648.5872998747174,23.062082522461598,0.20153188834619223,9.558168531504935,20.560582815703853,675.0,descent,-0.7172814116897903,-26.61780332922439,19.04130609537837,0.317789466978632,-2.479220183313556,0.05357791656051736,-0.0033783009526960413,0.09344523140233196,0.3610000000000001,23.2,oil_pressure_drop,1,3,100,200
172,3809.453196809775,34.17214657751522,23.99157476888456,115.15734250075771,185.8443825403625,646.8182324140106,22.924958176375906,0.1970626369289385,9.562059745711334,21.316510454047044,600.0,descent,-0.3095532237513426,-27.064565741809428,19.432419763731318,-0.020496308989463842,-0.3524216632099012,-0.0605669230397882,0.019120749519822972,-0.03106222498658094,0.3520000000000001,22.4,oil_pressure_drop,1,3,100,200
173,3777.1290257080605,33.98622206984778,22.76764299278419,115.47127789913222,184.7652784626049,647.86421118878,23.04171835354653,0.1929523059858656,9.525648804835845,21.525843294852685,525.0,descent,-1.1250329095979144,-27.761395547717694,19.615336359610353,-0.09793112649087422,0.8467580572519608,-0.024192987776355594,0.00749013294097271,-0.059960385074786786,0.3430000000000001,21.599999999999994,oil_pressure_drop,1,3,100,200
174,3779.4120210894257,35.12812841811823,23.10670625670801,115.59726747951723,183.5187043391662,649.5141945819948,23.101570003317683,0.19104053954880357,9.414048750358523,22.137979639106643,450.0,descent,2.303570788355819,-27.89707487423967,20.19654601288296,-0.1977283658322896,-0.9599066907976017,-0.010485486544856442,0.001929280531625075,0.004076649918563257,0.3340000000000001,20.799999999999997,oil_pressure_drop,1,3,100,200
175,3775.275672042657,35.8409107587133,22.39929470889362,115.53717611656117,182.472877118984,648.3623141928383,23.238345154237013,0.13665612342174516,9.60215624944173,22.412788521724078,375.0,descent,1.9356584745956622,-27.863313171860764,19.915182895113563,-0.27014702042534716,-0.30290180900888397,0.07690102828941656,0.009354419945455873,-0.0655522014570584,0.32500000000000007,19.999999999999996,oil_pressure_drop,1,3,100,200
176,3785.3228249962954,35.185000498302365,22.053019025307158,115.57375757936451,182.08114411432229,652.5978467077409,23.229063316210695,0.20462766876752506,9.523159518052287,23.26851175363152,300.0,descent,-1.1216385270651956,-28.35790365419759,20.63596890246785,0.10772032066381337,-2.2081825768862497,-0.07294667359834646,-0.007921946129702118,-0.010727588836841115,0.31600000000000006,19.199999999999996,oil_pressure_drop,1,3,100,200
177,3786.689947279419,32.947054126658394,21.34537664890658,115.53175256537355,181.33102629387383,648.9826505227322,23.027287386483227,0.1824666742342948,9.313576624548274,23.686720846144606,225.0,descent,-0.047818312959519056,-29.112520006610684,20.637834696749064,-0.13905635327478857,3.543291773506777,-0.06453717010338397,-0.018266318213053457,-0.031026788081126862,0.30700000000000005,18.399999999999995,oil_pressure_drop,1,3,100,200
178,3793.0018764631054,36.587689777146224,22.146465407371736,115.66289878023603,181.49213370362872,649.9486647166206,23.609610291615013,0.18695579382778485,9.544055846945458,24.177054725080236,150.0,descent,-1.7126427870603382,-29.367895705305287,20.965671006731792,0.3225842414722874,0.1424927329431559,0.03962019166088288,-0.013439350987066062,0.038546257268432096,0.29800000000000004,17.599999999999994,oil_pressure_drop,1,3,100,200
179,3785.8840761498086,35.12612689211059,20.854404684403917,115.67623395195713,181.34443240118947,651.2282438673997,23.423522871912112,0.23800372074019718,9.357706160455711,24.680666537155368,75.0,descent,-1.2148091196897342,-29.208567775829064,21.28623226561517,-0.1804492071095581,1.5261119439832074,0.022042819545045084,-0.02021251666434726,0.01713089731628168,0.28900000000000003,16.799999999999994,oil_pressure_drop,1,3,100,200
180,3657.803896843918,18.204956870021892,18.650718038788085,115.88451724947379,181.12344751467995,644.0448306682677,21.84310519413348,0.16842390416416908,8.855100234848043,24.3134857634638,100.0,landing,-0.6030117108896476,-29.88734769214509,21.561931286503548,0.34188579950323666,-0.11917514831510187,-0.003366781943536578,0.003166858397208056,0.06255034345193479,0.28,15.999999999999993,oil_pressure_drop,1,3,100,200
181,3646.2834613164573,18.506883903269294,17.558406676887287,115.90899456975,181.34694133910244,637.1002261221951,21.94684661293583,0.14090054188237927,8.989816420026688,24.16746043018002,90.0,landing,0.4059075620854609,-30.617223545263784,21.469028182873735,0.3047484516058577,-2.8593008921990686,-0.005290109870712031,0.007634465332805804,-0.04249154762397869,0.271,15.19999999999999,oil_pressure_drop,1,3,100,200
182,3621.8073766557713,18.604130918280035,16.25567693323587,116.06131452599517,181.06302285860235,629.6618340208132,21.792116691789126,0.1433802673664334,8.594263321171448,24.67995105989651,80.0,landing,0.9401610669237516,-30.501022043769662,22.147280819612174,-0.32718642414208043,-0.21942710691607953,0.011366946677302302,0.004635030516858267,-0.022135134145757185,0.2620000000000001,14.4,oil_pressure_drop,1,3,100,200
183,3656.8517003139805,18.20852882053552,17.311501538831877,116.53700108796536,180.687665938619,627.0613382340933,21.838190068326604,0.16755897899280012,8.652686936629477,24.529526695080744,70.0,landing,-0.6835998312291878,-30.809822956794456,22.261418904118024,-0.11194318429560104,-1.0907668526685952,-0.10346408629255524,0.016149869428790237,-0.013731680501931019,0.2530000000000001,13.6,oil_pressure_drop,1,3,100,200
184,3665.822375210821,19.189484709447072,16.96644355793719,116.59353695212246,180.18108020278825,626.0699174930361,22.10202626988486,0.14647719790397631,8.683976520520392,24.08268726167495,60.0,landing,-1.6647617325924913,-31.645094155123534,22.71708471180948,-0.06324355911625312,-1.2973485352861411,-0.026088057463801096,0.0152753181764663,-0.04923928109856054,0.2440000000000001,12.8,oil_pressure_drop,1,3,100,200
185,3643.061563611523,20.084723071745987,15.150452845618425,116.71955401593436,179.9510143736672,624.0504537138406,21.973407184394947,0.18504913639072157,8.704065500558064,24.26028020920311,50.0,landing,-0.09596340054349668,-32.048026749718595,23.125729434832827,-0.4526107071550734,0.31485705092341126,-0.00989041570837191,-0.0002585705774595618,0.12884162163885285,0.2350000000000001,11.999999999999998,oil_pressure_drop,1,3,100,200
186,3656.0421231311484,20.36311743022573,15.466330950857525,116.67696582423633,178.1980137939893,622.1437599531181,22.009929066141076,0.18431441571677742,8.571697717721317,24.95958275529594,40.0,landing,-0.8377875852929518,-32.725491089009815,23.604123004851253,0.12219660098037637,-0.36215471027876034,0.03327717931699676,-0.00855346701627262,-0.039941157859747396,0.2260000000000001,11.2,oil_pressure_drop,1,3,100,200
187,3657.102623205176,18.951910878162657,15.586101130710034,116.90186469292297,178.00291784788632,623.8344058923839,21.92158516913825,0.16716025554044553,8.755074920625265,24.803213802839572,30.0,landing,-1.4630919615504852,-32.93340532224195,23.105019363607752,0.17998372005358185,-3.6782937907046906,-0.038705060230721226,-0.010328845605184885,0.06688616058886347,0.21700000000000008,10.399999999999999,oil_pressure_drop,1,3,100,200
188,3667.6457743332444,19.44605497522779,15.67566752866162,116.86947516965,176.88747603901356,625.9779957488373,21.941653408509815,0.1784121881225201,8.800100573490404,24.868210966952162,20.0,landing,0.10014996401230453,-33.43434165832482,23.88655601237932,-0.06695664137978156,2.6154850379578303,0.00948496936561185,-0.009202624028532912,-0.07576072495987644,0.20800000000000007,9.599999999999998,oil_pressure_drop,1,3,100,200
189,3660.839290122512,20.89013099601051,15.052975638069526,117.20634273927688,176.40705164194674,626.1487461005484,22.079293891323367,0.17066843446290927,8.716926109993326,25.081324755559677,10.0,landing,0.4307171846344871,-33.21328740330875,24.062672792581427,-0.24796332926080172,-1.2913388201090823,0.037689942557893964,-0.007617583214850149,-0.03116158308131602,0.19900000000000007,8.799999999999997,oil_pressure_drop,1,3,100,200
190,3648.0281445516725,19.439969122826998,14.622837416983941,117.28398804849913,175.9679708908394,625.0599918815996,21.8657500827852,0.16556530865970664,8.845425607985737,25.170827419969154,0.0,landing,0.6080534054527447,-33.91619873603449,24.258888020117073,-0.3049841265007125,1.7250449634495255,-0.02215661393838632,-0.004181154757722901,0.07073125306870129,0.19000000000000006,7.9999999999999964,oil_pressure_drop,1,3,100,200
191,3635.83186681061,20.79224032745968,14.068316276110352,117.51369517053138,176.2513287576458,624.4273135734451,22.207641342078492,0.145996549706379,8.674918498884303,24.91960746268403,0.0,landing,-0.4118726142021325,-33.28394293800314,24.999571636134945,-0.9355983045429435,2.4273817584767365,-0.01233061124215315,0.008431544665421023,0.034968975106853296,0.18100000000000005,7.199999999999996,oil_pressure_drop,1,3,100,200
192,3638.3658083128935,22.10099849912312,13.05973510956025,117.59647000402992,175.72354835949125,628.8412785052279,22.18715886162403,0.15741884266029973,8.713861369834346,24.770261619415063,0.0,landing,0.05060213251979199,-34.3461642646815,24.881911698383522,-0.2373376474444491,0.7859198754452104,0.03780054651953012,-0.006260797361400739,0.010955399905579026,0.17200000000000004,6.399999999999996,oil_pressure_drop,1,3,100,200
193,3647.7702757833063,21.97823019667835,13.246757020523297,117.76780105995358,176.0221475421775,628.7931245058498,22.213782108683287,0.15069001215315547,8.780553148055644,24.50674166286412,0.0,landing,0.5033411005846905,-34.807760958725964,25.110569900422348,-0.251302569361431,-1.2644816784359132,-0.047967773145007664,-0.01013935259789348,0.0338577009908095,0.16300000000000003,5.599999999999994,oil_pressure_drop,1,3,100,200
194,3658.4999558051777,20.146877491194235,12.944670921725617,117.76006944130914,175.80646097591148,628.2645006552127,22.094891292563705,0.21621009032963642,8.796938475760408,25.029856449650858,0.0,landing,-0.990007203175214,-35.24936783686435,25.40184624035506,-0.14216356482983655,-0.4432405977011772,0.012925310633584373,0.009244470602757873,-0.04289301544708156,0.15400000000000014,4.800000000000003,oil_pressure_drop,1,3,100,200
195,3649.5751419981193,20.10624658717758,13.019789458583908,117.66957220513314,175.67605432548686,627.0611144988703,22.095160106860448,0.15157213491418842,8.756845168863226,25.217684363926573,0.0,landing,-0.9553408211789909,-35.31169342212372,25.791295337020507,0.12938783884049354,1.6396975912581655,0.00866181240857304,1.4193597446372725e-05,-0.046800714611821094,0.14500000000000013,4.000000000000003,oil_pressure_drop,1,3,100,200
196,3678.5073209525763,19.811913723253113,12.628294925023397,117.9906343960891,174.9347623649548,627.1414822578175,21.8865127614829,0.15020254472741895,8.949623400335188,24.824569615541616,0.0,landing,1.1417200220165533,-36.250834388507045,26.324785905215688,0.1746649844055567,-0.7466366960101631,0.07250655731047037,-0.007214288193157279,0.021974063138236244,0.13600000000000012,3.200000000000002,oil_pressure_drop,1,3,100,200
197,3673.685655395772,18.9350607518522,12.175330311135028,117.98106036939431,174.93930703760324,624.0306249695021,21.89568694069823,0.17761909051009991,8.827516966113448,25.083996289678932,0.0,landing,1.3788780931684248,-36.36535965965104,26.033444578848783,-0.33236511231129845,0.27341571225339467,-0.03291873804400539,-0.0036438285387925522,-0.0260858233428545,0.1270000000000001,2.4000000000000017,oil_pressure_drop,1,3,100,200
198,3637.8041983843295,19.431654235972708,11.297294501517172,117.82499320533177,175.09557576790823,625.3176673278823,21.98565701024414,0.1645362589012764,8.796601925962577,25.04411344731373,0.0,landing,0.17215567917538963,-37.15276971321405,26.276489213574383,-0.05911285575305092,-0.14536041219771972,0.056481632652263594,0.003668487910418088,0.07611638444001065,0.1180000000000001,1.600000000000001,oil_pressure_drop,1,3,100,200
199,3656.3544556303414,18.36559415875693,10.01137607010741,118.09269864877263,173.92018629370958,625.4751152560324,21.710287821646418,0.1352437004014403,8.716429836002066,24.979560901884255,0.0,landing,-0.35216521992858607,-37.31476079495025,27.038988444226565,0.890628550002358,-0.09156844329700425,0.07092274830159827,0.014680528131049163,0.03948394014393928,0.1090000000000001,1.0,oil_pressure_drop,1,3,100,200
