timestamp_ms,msg_id,rpm,cht_c,egt_c,oil_pressure_kpa,oil_temp_c,fuel_flow_lph,vibration_g,throttle_pct,altitude_m,ambient_temp_c,active_faults
1788704090158,ENG_TELEM_00,3016.8682141949357,163.81763525631928,529.0485614808164,335.51344428511476,142.92607580555728,20.75811556039945,0.2174805788064261,45.0,500.0,25.0,healthy
1788704090258,ENG_TELEM_01,3041.01547598524,161.08759324550266,531.3543972875286,332.8872226400284,140.8084031492728,21.204970265926676,0.21668184035941077,45.1199680025599,500.0,25.0,healthy
1788704090358,ENG_TELEM_02,3005.218588093905,162.41137995488972,523.0181814370029,331.2882670341171,142.0477522749261,20.745796015097255,0.19246975646596967,45.23974408190752,500.0,25.0,healthy
1788704090458,ENG_TELEM_03,2985.6672720750335,160.17128491864565,527.6862687934555,335.8213104931683,139.7502243300255,21.01352292980664,0.18697839269589667,45.35913662186676,500.0,25.0,healthy
1788704090558,ENG_TELEM_04,3030.5911560634013,161.40512407058873,525.2712544885769,332.7356123812858,141.71451108700026,20.78818672108584,0.15577740329149675,45.47795461984274,500.0,25.0,healthy
1788704090658,ENG_TELEM_05,3029.362952386539,163.23803225030562,528.6624392509465,333.7410195859111,144.21737325324034,21.16852005934937,0.1716106612781197,45.59600799238518,500.0,25.0,healthy
1788704090758,ENG_TELEM_06,3031.670590626254,160.84668664317022,523.6285033789112,334.6186735040405,140.8346727465188,21.10863274889417,0.1899771444337729,45.7131078792814,500.0,25.0,healthy
1788704090858,ENG_TELEM_07,3031.337877781879,161.45946242788176,527.3436928891236,335.6663920913581,140.84484817457445,21.66477637366144,0.20324204778753846,45.82906694569234,500.0,25.0,healthy
1788704090958,ENG_TELEM_08,3071.1936903738256,164.2986378376014,523.7765348799974,335.9375441286037,145.28610458098564,21.46269479843251,0.2097425352161509,45.94369968184835,500.0,25.0,healthy
1788704091058,ENG_TELEM_09,3051.6194827678573,161.2158914691001,525.1067059183019,337.468251102042,142.16293381581647,21.649794338895475,0.22927687769840827,46.05682269982527,500.0,25.0,healthy
1788704091158,ENG_TELEM_10,3022.1546276548497,159.43763370497814,521.9699188479907,336.87096358343837,141.4334890399065,21.538758955097357,0.21964262488788458,46.16825502692595,500.0,25.0,healthy
1788704091258,ENG_TELEM_11,3079.7263687118157,161.56252573791136,530.555590463201,337.54188517894966,141.3292630075591,21.63551126504117,0.23024739221571444,46.277818395198,500.0,25.0,healthy
1788704091358,ENG_TELEM_12,3117.313905494783,163.14278585994137,527.0902234322594,339.19087355326826,144.3534174366332,21.06172787512148,0.22923975983930295,46.38533752662445,500.0,25.0,healthy
1788704091458,ENG_TELEM_13,3072.094616057052,162.14590280381165,526.8948792664179,334.83340002400024,141.3947403047593,21.804336539029233,0.24609624861759544,46.49064041353121,500.0,25.0,healthy
1788704091558,ENG_TELEM_14,3111.9919286944955,166.41506500675183,531.9948531476523,341.3192928665753,146.86097160707976,21.635099408440485,0.19665858084558416,46.59355859376265,500.0,25.0,healthy
1788704091658,ENG_TELEM_15,3066.746046134557,164.18739864594266,528.5049325836425,334.78590902382814,144.27438894069635,20.872315474644413,0.19686756714029735,46.693927420185105,500.0,25.0,healthy
1788704091758,ENG_TELEM_16,3064.3890117016267,163.91159341641998,530.3061709637282,339.9551670774428,143.71514529820408,21.163210303173003,0.17210130453219488,46.79158632408718,500.0,25.0,healthy
1788704091858,ENG_TELEM_17,3116.355323067966,164.35326166921553,532.4020439323831,336.85713242161495,144.5727680080342,22.183686850915663,0.21476401520192331,46.886379072055405,500.0,25.0,healthy
1788704091958,ENG_TELEM_18,3075.6437323820355,160.88967639998666,531.6713199381664,337.1287515465476,140.10029395685476,22.166901880861325,0.23247758756391185,46.97815401591442,500.0,25.0,healthy
1788704092058,ENG_TELEM_19,3114.5106057210915,165.00963471963652,527.9490950588615,336.8434345244624,145.02558530536106,21.790926313005496,0.22291429101950613,47.066764335331655,500.0,25.0,healthy
1788704092158,ENG_TELEM_20,3082.6283463601853,163.56875012710265,528.2321601509976,336.90373242245147,143.99084936480807,21.67507663874951,0.23898698244893152,47.15206827269857,500.0,25.0,healthy
1788704092258,ENG_TELEM_21,3092.2455047108647,164.6071097341152,527.3948009306008,338.72226996050205,144.06789573558459,21.43378965971897,0.20975415984296256,47.23392935991258,500.0,25.0,healthy
1788704092358,ENG_TELEM_22,3121.891875414641,164.79609127766423,531.5224074893649,339.2040084051257,142.76841559884616,21.676322713023925,0.19414235947270664,47.31221663669691,500.0,25.0,healthy
1788704092458,ENG_TELEM_23,3120.8440451735587,164.99382413328215,534.8803372736375,338.1417064255117,144.125383195464,22.09362595490566,0.20802779349336323,47.386804860109095,500.0,25.0,healthy
1788704092558,ENG_TELEM_24,3117.155608176668,161.48138380851913,533.558759396032,336.1854763923496,141.88819475217923,21.87764991672813,0.20594355648907778,47.457574704902996,500.0,25.0,healthy
1788704092658,ENG_TELEM_25,3105.4396085747494,164.35015196764212,526.8625929452701,340.8789382246757,144.85310328475794,21.245948915027363,0.2075093726841455,47.52441295442369,500.0,25.0,healthy
1788704092758,ENG_TELEM_26,3153.3901053095055,166.0116121237002,532.2586224136231,339.6294018628392,146.70316345144707,22.390325212057917,0.21226202653374182,47.587212681730016,500.0,25.0,healthy
1788704092858,ENG_TELEM_27,3161.141144868251,163.63181002313362,536.5869631700281,339.58495876911746,143.75443156315043,21.77529329860686,0.19691371180450237,47.645873420654844,500.0,25.0,healthy
1788704092958,ENG_TELEM_28,3125.5147550668294,163.49100757916176,535.16525629466,340.22112315740463,142.86049634410477,21.875102353733233,0.22908099825214528,47.70030132652951,500.0,25.0,healthy
1788704093058,ENG_TELEM_29,3153.8207573127715,166.62039510721513,535.3374700549407,341.966836384751,147.84600913278686,21.675707387892118,0.20849438491053834,47.7504093263153,500.0,25.0,healthy
1788704093158,ENG_TELEM_30,3135.27929138666,161.26939187123295,529.9181978206319,339.2695826439267,142.27307106650144,21.74361847309314,0.17424780809634843,47.79611725790168,500.0,25.0,healthy
1788704093258,ENG_TELEM_31,3129.7497913581433,162.86413331042684,531.8367019274024,337.4812058364424,142.7896228304428,22.0349582317929,0.21864575280291665,47.837351998348616,500.0,25.0,healthy
1788704093358,ENG_TELEM_32,3190.9491696146742,167.4897832134382,540.885434071229,342.96427871358753,148.4714271387821,21.960323359438682,0.20726288655152447,47.874047580867675,500.0,25.0,healthy
1788704093458,ENG_TELEM_33,3149.7217603076892,166.0321248530431,533.8797592249156,339.14398081585205,145.40516080137596,22.10772863564109,0.23378105124571227,47.906145300354794,500.0,25.0,healthy
1788704093558,ENG_TELEM_34,3131.232225646803,165.83869736362195,527.6066143772983,341.54951408492246,145.95495972892581,21.797992653981037,0.20013138226034752,47.93359380730595,500.0,25.0,healthy
1788704093658,ENG_TELEM_35,3131.6254111468356,166.08814084989461,527.6791312623584,340.3050605456334,146.72548652963658,21.99936199876537,0.23690852431766632,47.95634918996538,500.0,25.0,healthy
1788704093758,ENG_TELEM_36,3122.4909795540943,165.10189483176765,532.7462283639403,340.235954284593,145.75290581779382,21.71671871140041,0.2216637649629978,47.97437504457506,500.0,25.0,healthy
1788704093858,ENG_TELEM_37,3166.561631188582,168.95050916864116,535.5740729987293,338.04160206713016,150.12976516089122,22.183685934778804,0.25886429501795716,47.98764253361292,500.0,25.0,healthy
1788704093958,ENG_TELEM_38,3151.4517691460555,166.87141067898412,538.452915221764,341.8654101378382,145.83161471479107,21.974058718710918,0.24259712262872846,47.99613043192675,500.0,25.0,healthy
1788704094058,ENG_TELEM_39,3123.0381506819604,161.11585398042962,531.8355195843739,341.9462996522838,141.24919701744793,21.503257454733905,0.2300966188011019,47.9998251606899,500.0,25.0,healthy
1788704094158,ENG_TELEM_40,3103.0291177155373,164.13590838288812,534.057818057276,335.0939205925131,145.6972003422121,21.95403732413008,0.22005432880398995,47.998720809124514,500.0,25.0,healthy
1788704094258,ENG_TELEM_41,3122.2078033894336,166.0247243747854,536.2552628295189,341.426919583176,145.32221918047975,21.340782159138904,0.20465220490667688,47.99281914395752,500.0,25.0,healthy
1788704094358,ENG_TELEM_42,3125.7150129273045,163.76190021722724,532.5211524825141,339.6519004940077,143.78639866035047,21.86481142230141,0.2263230587271816,47.98212960659423,500.0,25.0,healthy
1788704094458,ENG_TELEM_43,3137.1683586326535,165.86291906539594,533.1373181705289,338.9354784013085,145.88539946290382,22.036416446339512,0.22552952829825917,47.966669298014104,500.0,25.0,healthy
1788704094558,ENG_TELEM_44,3130.9185479864996,164.5535308473323,533.6433804225084,340.7230916812623,144.5255177396423,21.47835196800516,0.19067812884704324,47.946462951412855,500.0,25.0,healthy
1788704094658,ENG_TELEM_45,3137.9599474118163,165.1049578814804,535.3340713094216,342.84156760164336,144.2820271623637,21.56556811224097,0.23037692775479138,47.921542892634584,500.0,25.0,healthy
1788704094758,ENG_TELEM_46,3153.170272158327,166.95049891911685,535.9329755291146,339.0996322746449,146.91743657170656,22.084588181090233,0.23095371692768693,47.891948988457344,500.0,25.0,healthy
1788704094858,ENG_TELEM_47,3133.1962890985815,165.21480819847218,529.3266435250597,339.79316669002833,144.64186550167554,22.328940126432194,0.22343737236318992,47.85772858281479,500.0,25.0,healthy
1788704094958,ENG_TELEM_48,3125.1867286831093,165.93575805158355,534.4846246173378,338.7561927655281,144.9523503598043,21.861013987747477,0.23130418076044887,47.81893642105597,500.0,25.0,healthy
1788704095058,ENG_TELEM_49,3171.0557182052426,165.23028347121374,538.4932683871233,341.1385648456977,146.03030121408312,21.886630363716836,0.17351655248634468,47.7756345623645,500.0,25.0,healthy
1788704095158,ENG_TELEM_50,5496.3654412654205,213.49653606170102,683.3411830112894,461.4863603688032,193.90243630322408,37.06510100542084,0.4668615318376273,95.0,500.0,25.0,overheating
1788704095258,ENG_TELEM_51,5478.061027946549,212.69228525170146,682.7217412207926,456.4927139857729,192.4105872419741,37.420646175689825,0.4551692946988336,95.0,500.0,25.0,overheating
1788704095358,ENG_TELEM_52,5516.237706923649,217.5061425342371,681.250582959784,462.86174092452535,195.18815957480732,38.07082781766878,0.46384160678637903,95.0,500.0,25.0,overheating
1788704095458,ENG_TELEM_53,5466.87145354898,215.26930896870368,681.8612002465159,460.8118021734567,193.1110092971551,37.304258198616594,0.4728701009370287,95.0,500.0,25.0,overheating
1788704095558,ENG_TELEM_54,5456.409827951074,219.09433534217297,688.0549387488568,460.28818757354213,194.15234766590427,37.88442778894362,0.442820258717845,95.0,500.0,25.0,overheating
1788704095658,ENG_TELEM_55,5473.019513310828,218.90459694708096,685.0434001810487,460.56659928761206,192.07257526790528,37.737075438018934,0.45509428870634566,95.0,500.0,25.0,overheating
1788704095758,ENG_TELEM_56,5466.09572099245,222.6473578949907,696.9487902789608,461.45533207354356,195.93942020493174,37.017580721074296,0.41895366590554195,95.0,500.0,25.0,overheating
1788704095858,ENG_TELEM_57,5440.819016314015,221.22833387106124,690.5546192666009,453.2372400908543,193.6594293009984,37.31831168313225,0.43267864869197076,95.0,500.0,25.0,overheating
1788704095958,ENG_TELEM_58,5488.73867910016,228.3177854532622,698.2994828947731,458.1666924060372,200.83075244597293,37.75057989990927,0.48323415888341187,95.0,500.0,25.0,overheating
1788704096058,ENG_TELEM_59,5464.832213025819,224.7532929244521,698.2151746378291,462.39966833281034,196.85343842224503,37.299052745950945,0.45775349068955595,95.0,500.0,25.0,overheating
1788704096158,ENG_TELEM_60,5469.072598612925,224.06484524159126,698.5064638288383,457.3666249706959,193.43813098312648,37.74761060733985,0.4762793713687513,95.0,500.0,25.0,overheating
1788704096258,ENG_TELEM_61,5498.214073733323,229.99242752622385,709.49478046161,458.95983455494,197.14011269459394,37.474197585106275,0.4483572892429467,95.0,500.0,25.0,overheating
1788704096358,ENG_TELEM_62,5438.424915593259,226.09242461131848,704.7184514222283,454.6368887604871,198.11572623478008,36.730308875548474,0.46330202450646024,95.0,500.0,25.0,overheating
1788704096458,ENG_TELEM_63,5452.929267413212,225.4555460569827,701.6722849078391,460.85493142676563,197.07601868774594,37.08772012088929,0.47032547706961503,95.0,500.0,25.0,overheating
1788704096558,ENG_TELEM_64,5452.701502981046,228.5185346235796,705.6004571886309,457.2433383847533,195.87849236909582,36.74797534338359,0.458756288582999,95.0,500.0,25.0,overheating
1788704096658,ENG_TELEM_65,5465.526444566569,228.7968664087975,707.6510809747464,462.1758125239442,196.1520016690311,36.827096461697835,0.44476017527142153,95.0,500.0,25.0,overheating
1788704096758,ENG_TELEM_66,5459.582968757821,234.09637783318746,715.597615410497,457.2764326380012,202.04698352730972,37.20023485262669,0.44662850338473464,95.0,500.0,25.0,overheating
1788704096858,ENG_TELEM_67,5449.359573391626,229.64997945908766,704.9205377564678,459.79603266112,195.9792229634862,37.787408705621054,0.4842952224045165,95.0,500.0,25.0,overheating
1788704096958,ENG_TELEM_68,5489.702891290824,235.18281974511595,716.4128700373465,463.4413976579539,201.86099849959888,37.37071313912831,0.4307745329734794,95.0,500.0,25.0,overheating
1788704097058,ENG_TELEM_69,5484.070283759062,232.08557323012604,716.6801907144735,462.97735427796596,198.08530670807448,38.21172528164738,0.4582438993119199,95.0,500.0,25.0,overheating
1788704097158,ENG_TELEM_70,5453.79829462102,235.09232298370623,709.7873139977576,458.89128120745517,202.8682906070435,37.78010426190386,0.4546704978558049,95.0,500.0,25.0,overheating
1788704097258,ENG_TELEM_71,5486.9243558066955,235.34060602740226,719.5078197871566,458.4167808985396,198.9271732934681,37.623311102301244,0.47677360753027465,95.0,500.0,25.0,overheating
1788704097358,ENG_TELEM_72,5459.010867093101,240.05215220189012,718.6286307981482,458.34013411981306,201.70430414372964,37.382085073522745,0.43854872073224027,95.0,500.0,25.0,overheating
1788704097458,ENG_TELEM_73,5423.800135356869,237.69379129885007,720.4192484330983,457.4020277026085,197.8698635997571,37.55367930896418,0.42788301979195775,95.0,500.0,25.0,overheating
1788704097558,ENG_TELEM_74,5479.907748878064,234.07365216132774,720.7270492477792,459.7841908381174,196.64045767437293,37.511009976961276,0.47021382651425536,95.0,500.0,25.0,overheating
1788704097658,ENG_TELEM_75,5456.437148596028,240.49609379290814,721.2106940233432,457.89681731980056,202.3293154153467,37.643571562408844,0.44867856995086286,95.0,500.0,25.0,overheating
1788704097758,ENG_TELEM_76,5460.90843570087,238.54152606289188,716.9366243915522,457.72110813170804,200.38412275149528,37.587758021369794,0.4789952090088146,95.0,500.0,25.0,overheating
1788704097858,ENG_TELEM_77,5471.838696385421,243.04212315609536,725.8624563354618,457.37748048812,202.0896538918396,37.472373030034426,0.4563629885230791,95.0,500.0,25.0,overheating
1788704097958,ENG_TELEM_78,5482.428063635919,240.67727181415967,729.0895419514083,459.26901024162106,202.9124707021478,37.66438222850365,0.48921051810882893,95.0,500.0,25.0,overheating
1788704098058,ENG_TELEM_79,5471.658454865795,244.80055325999348,728.5245566403789,460.6135946986536,205.88947893107223,36.76593324851217,0.47745187270608375,95.0,500.0,25.0,overheating
1788704098158,ENG_TELEM_80,3004.16878757894,190.59395222008894,576.0551059749605,332.4860810831143,151.08301597599592,20.957428894955193,0.225706165606307,44.82487756971726,500.0,25.0,overheating
1788704098258,ENG_TELEM_81,2985.4699841451084,194.8537455782304,571.6215962619863,328.0544532467602,155.16857422502773,20.52529765453399,0.21076583610553626,44.70525421876467,500.0,25.0,overheating
1788704098358,ENG_TELEM_82,2964.5768493556543,194.16871231458504,574.1032427584349,331.0471913628768,152.25096036654472,20.636934417136782,0.19629352469734768,44.58610239818632,500.0,25.0,overheating
1788704098458,ENG_TELEM_83,2940.593003679014,196.00989311110192,570.1822784202816,329.63159993724094,154.4183740727969,20.51889749005278,0.1963500848475183,44.467612725477416,500.0,25.0,overheating
1788704098558,ENG_TELEM_84,2943.819381465488,195.8692689050839,575.0939770971254,329.1229147591687,153.44688988492572,20.493485832981786,0.1630404182239259,44.34997475883786,500.0,25.0,overheating
1788704098658,ENG_TELEM_85,2941.6346871125243,195.40048610857832,579.9136820717782,329.74453272247683,148.64768138164132,20.96609671295496,0.23806601163985627,44.2333766939195,500.0,25.0,overheating
1788704098758,ENG_TELEM_86,2995.738671133001,197.26765329711435,574.9556444920614,332.3668348863788,151.17498058217745,21.054789246359736,0.20493183696491826,44.1180050627533,500.0,25.0,overheating
1788704098858,ENG_TELEM_87,2983.0487542851406,197.17137767957382,575.5187960734903,334.9950031047891,152.07603691464982,20.733849996995314,0.22950698038917194,44.004044435337796,500.0,25.0,overheating
1788704098958,ENG_TELEM_88,2955.8018765008815,196.2256275727647,579.7967854260955,333.7138059554815,151.27852769640353,20.40307600711709,0.22294341292066922,43.891677124366566,500.0,25.0,overheating
1788704099058,ENG_TELEM_89,2939.7720976874184,195.6832706642438,576.9220144172035,326.9699067226268,152.4125895728614,20.916598505503146,0.18775013848590544,43.78108289356675,500.0,25.0,overheating
1788704099158,ENG_TELEM_90,2887.6871303803446,197.7798100758672,571.6677452258715,327.29221222262623,149.90249627871086,20.279279326865794,0.19531552065186758,43.67243867011544,500.0,25.0,overheating
1788704099258,ENG_TELEM_91,2943.600466751107,199.81631597218694,581.6140513413408,330.02660141611887,151.12094098195962,20.653046597946656,0.21300992379636632,43.56591826159397,500.0,25.0,overheating
1788704099358,ENG_TELEM_92,2915.451353438354,197.84280430711945,573.7939984949846,334.4970484570768,151.6684458970309,20.546651597938514,0.21373963370778437,43.461692077932824,500.0,25.0,overheating
1788704099458,ENG_TELEM_93,2889.3122115027236,199.39229176128157,576.4670785647019,326.00329699178786,148.71535978533973,20.550864041965717,0.19521001211594102,43.359926858792136,500.0,25.0,overheating
1788704099558,ENG_TELEM_94,2962.9330902072297,203.71290492064446,581.6598474763352,331.3874487095999,154.49632478898562,20.219595375229627,0.22483601681371987,43.26078540681377,500.0,25.0,overheating
1788704099658,ENG_TELEM_95,2905.957494658998,200.42789949129937,582.476915562272,323.43439645123107,154.37173888540153,20.205771701300247,0.2108094922897568,43.16442632717184,500.0,25.0,overheating
1788704099758,ENG_TELEM_96,2884.1273851745345,201.5087725471007,571.8030799853411,329.64762542749367,150.75642211670157,20.13460442575047,0.20063518857667173,43.07100377383827,500.0,25.0,overheating
1788704099858,ENG_TELEM_97,2890.2154972277913,198.94999745640422,582.001977957592,327.1886794126684,153.30661817647163,20.294544575566224,0.19846838601127384,42.980667202969315,500.0,25.0,overheating
1788704099958,ENG_TELEM_98,2895.851613205394,202.07192436300025,588.0174302021547,325.1137836480489,153.01792205134066,20.132434653972318,0.21313701913692779,42.89356113380758,500.0,25.0,overheating
1788704100058,ENG_TELEM_99,2889.829313964828,203.53947036752643,579.7971051655229,330.08700902102646,152.25849486802326,20.52624188611011,0.18690888631792743,42.8098249174821,500.0,25.0,overheating
1788704100158,ENG_TELEM_00,2910.102158697255,204.18560746288455,581.8196490638329,327.23035413130606,153.9805119201539,20.203923877211395,0.1952536943594274,42.72959251407622,500.0,25.0,overheating
1788704100258,ENG_TELEM_01,2934.680946234607,204.99984227865423,577.7996013400165,330.3551248919454,153.23419208217416,21.02407402835408,0.1791401030616218,42.65299227832004,500.0,25.0,overheating
1788704100358,ENG_TELEM_02,2881.9139966584135,200.56667774562203,589.1278264423431,324.62509679151236,149.8586422291451,20.51226078008038,0.20672775335997992,42.58014675425028,500.0,25.0,overheating
1788704100458,ENG_TELEM_03,2878.7307460429506,202.2789412666543,586.2556027010697,327.4993978877308,153.6078410573621,20.337824111932836,0.1689021094450565,42.511172479165886,500.0,25.0,overheating
1788704100558,ENG_TELEM_04,2878.509483772947,203.87671938086,581.1738301886153,325.8673086379815,154.75572391467315,20.387233936723547,0.18162391994703234,42.446179797193274,500.0,25.0,overheating
1788704100658,ENG_TELEM_05,2877.572061000196,204.3581734299339,581.606098994024,324.313147052344,153.40902402611994,19.97265946118696,0.16558010383732982,42.385272682759236,500.0,25.0,overheating
1788704100758,ENG_TELEM_06,2898.5560851291825,205.82415229922228,584.5261399933149,330.3598635877314,154.70295973788657,20.962195337439255,0.2052208390727434,42.328548574254036,500.0,25.0,overheating
1788704100858,ENG_TELEM_07,2888.814143244455,207.6517200080932,589.6626033039249,326.23475551529384,153.26784315775961,19.787918838538424,0.22819732911108695,42.276098218150786,500.0,25.0,overheating
1788704100958,ENG_TELEM_08,2869.3275629464383,205.79722558960577,590.9901046904039,325.2141543584934,153.50652817434394,19.904914360912915,0.22357077469470021,42.22800552383043,500.0,25.0,overheating
1788704101058,ENG_TELEM_09,2867.8142176015617,205.0844326597339,585.3992953448476,327.27805556978103,151.18548065772558,19.961531579947685,0.1937682669550206,42.184347429344676,500.0,25.0,overheating
1788704101158,ENG_TELEM_10,2821.3060598920893,207.0970277171483,586.1744546107851,323.5870589345125,153.49355222045176,19.780203852089436,0.2182919905247826,42.14519377833145,500.0,25.0,overheating
1788704101258,ENG_TELEM_11,2860.5942268907284,206.62986930362266,585.726292633966,323.46036766584706,153.8826373687341,20.572400308782925,0.20668256168539972,42.11060720828005,500.0,25.0,overheating
1788704101358,ENG_TELEM_12,2839.170839551618,209.30026368410176,587.9633705409044,325.2151572323922,157.27639884151424,19.713210521574865,0.20189443185751174,42.080643050324475,500.0,25.0,overheating
1788704101458,ENG_TELEM_13,2843.86627541573,209.4150748972578,586.0284711545768,326.212006939195,155.8043109544918,20.15116599838295,0.20231564883906625,42.055349240725455,500.0,25.0,overheating
1788704101558,ENG_TELEM_14,2841.1032710688614,204.87934831638907,591.434617448276,327.30439002529215,151.78215511557812,20.641044160387032,0.19850646583566114,42.034766244182606,500.0,25.0,overheating
1788704101658,ENG_TELEM_15,2870.1356892230556,208.95273891912734,593.0099184979879,324.00547956530454,154.6251991029493,20.08862266209514,0.21578230666250967,42.018926989099604,500.0,25.0,overheating
1788704101758,ENG_TELEM_16,2845.8572460599908,210.49800186923343,587.995636527493,323.32326232507586,155.88506578775977,19.7914053093471,0.2043626015959809,42.00785681490572,500.0,25.0,overheating
1788704101858,ENG_TELEM_17,2859.7777210282384,210.34751096531508,592.0200657732528,324.0903627714989,157.12539282262037,20.30947578036194,0.1758354260315283,42.001573431518146,500.0,25.0,overheating
1788704101958,ENG_TELEM_18,2840.7293326929216,209.91812177854263,588.3366662667098,323.93294646929075,156.22996758447883,19.381631805667006,0.1787514778836758,42.00008689100993,500.0,25.0,overheating
1788704102058,ENG_TELEM_19,2838.7680728282608,208.57486108320015,593.8997757745421,324.7237655172164,154.56779124949958,20.12173596406787,0.19454975903664762,42.00339957152876,500.0,25.0,overheating
1788704102158,ENG_TELEM_20,2879.0608605796324,210.65113775359853,591.3146754981569,328.5690658801766,156.38582686341016,20.184150252512453,0.18270967443793235,42.01150617349248,500.0,25.0,"overheating,oil_pressure_drop_gradual"
1788704102258,ENG_TELEM_21,2862.471678854967,212.7971719884733,599.8449403356598,317.13067819481313,156.37595510407493,19.75178758810956,0.18346639854637764,42.02439372806726,500.0,25.0,"overheating,oil_pressure_drop_gradual"
1788704102358,ENG_TELEM_22,2886.200012086405,213.77801636388622,594.1649610378893,298.0799039428133,161.03426129806226,20.626733782009477,0.18364080037190253,42.04204161791499,500.0,25.0,"overheating,oil_pressure_drop_gradual"
1788704102458,ENG_TELEM_23,2881.511515733115,213.15886902372017,596.065611218507,289.75180912015327,159.84806046911586,20.065407642076263,0.19837806306446654,42.06442161017659,500.0,25.0,"overheating,oil_pressure_drop_gradual"
1788704102558,ENG_TELEM_24,2839.2036500359286,208.6925267141122,596.9098614262348,278.9908789684307,154.2553350980671,20.173125777938747,0.18908729743425426,42.091497901638576,500.0,25.0,"overheating,oil_pressure_drop_gradual"
1788704102658,ENG_TELEM_25,2865.8063428207,211.3669145623707,596.8239479506688,267.4070656651054,159.55442075496268,20.299718817987728,0.19945879854879653,42.12322717601059,500.0,25.0,"overheating,oil_pressure_drop_gradual"
1788704102758,ENG_TELEM_26,2827.8511022078414,212.94696824179084,596.9709764328219,265.39182185879685,160.27377967215025,20.577218138752805,0.1908893045123871,42.15955867322217,500.0,25.0,"overheating,oil_pressure_drop_gradual"
1788704102858,ENG_TELEM_27,2873.7364644046515,213.3169375346873,599.6453522255902,249.5621926350901,164.82954100911485,19.652381414083983,0.16585813573421818,42.20043427062811,500.0,25.0,"overheating,oil_pressure_drop_gradual"
1788704102958,ENG_TELEM_28,2848.8060192382227,210.8254247737712,590.054895421398,240.6111986583195,161.62239967757242,19.833938699526374,0.22099270201306742,42.2457885759922,500.0,25.0,"overheating,oil_pressure_drop_gradual"
1788704103058,ENG_TELEM_29,2894.3930652246627,211.49295154249242,595.4191552158104,236.41508041789612,162.3267775440034,20.05245278650521,0.1672184057074949,42.295549032100936,500.0,25.0,"overheating,oil_pressure_drop_gradual"
1788704103158,ENG_TELEM_30,2881.350481283777,212.36625289097634,590.1215604434109,227.38379487456447,162.91177561292767,19.317208044303783,0.22219934972664185,42.34963603283954,500.0,25.0,"overheating,oil_pressure_drop_gradual"
1788704103258,ENG_TELEM_31,2911.6134994877866,215.29677514051596,595.3463188899764,223.0314293179763,164.50307654255153,20.30342692102986,0.17901925779286232,42.40796305054478,500.0,25.0,"overheating,oil_pressure_drop_gradual"
1788704103358,ENG_TELEM_32,2839.894816617189,211.9048873379123,599.6955385136312,208.83177903319404,161.13126798513048,20.315506626868412,0.17650034221081892,42.47043677443075,500.0,25.0,"overheating,oil_pressure_drop_gradual"
1788704103458,ENG_TELEM_33,2911.4199805127555,213.8129173259892,598.5069083534697,207.6725876294068,165.54614871632003,19.951476062923405,0.20835241414390615,42.536957259866256,500.0,25.0,"overheating,oil_pressure_drop_gradual"
1788704103558,ENG_TELEM_34,2868.712028133871,216.49790831117167,594.8858806630454,197.20601010500846,169.74512796328818,19.83279348165506,0.208079526574392,42.607418088264886,500.0,25.0,"overheating,oil_pressure_drop_gradual"
1788704103658,ENG_TELEM_35,2891.5316994446903,219.11719957814216,601.0186649288202,191.31460059113058,169.4073320035774,20.32205130453907,0.21629877714005974,42.68170653733204,500.0,25.0,"overheating,oil_pressure_drop_gradual"
1788704103758,ENG_TELEM_36,2850.6137764999517,216.45626637634456,597.3984046094246,184.24592749662506,168.17481775771157,20.343821029695615,0.21528418947773065,42.759703761396565,500.0,25.0,"overheating,oil_pressure_drop_gradual"
1788704103858,ENG_TELEM_37,2846.7744271549263,213.92572586379532,597.2806462952667,176.98318146635143,168.21683021630326,19.73588346335781,0.19574006956981996,42.84128498153848,500.0,25.0,"overheating,oil_pressure_drop_gradual"
1788704103958,ENG_TELEM_38,2903.7868729819884,215.08007081142244,600.5672218855112,176.44416207798974,167.36471323898348,20.581530786917156,0.20904894096947868,42.92631968520862,500.0,25.0,"overheating,oil_pressure_drop_gradual"
1788704104058,ENG_TELEM_39,2900.6983479788537,219.1938166751287,605.4741646512314,171.64378647477983,171.45715551927643,20.053785892706024,0.204868626082832,43.01467183502089,500.0,25.0,"overheating,oil_pressure_drop_gradual"
1788704104158,ENG_TELEM_40,2930.0746338397685,216.10729391818217,601.8129920108615,168.81114207434467,169.7725500964148,20.858416553959547,0.1740292244546441,43.10620008638304,500.0,25.0,"overheating,oil_pressure_drop_gradual"
1788704104258,ENG_TELEM_41,2887.048943213352,216.92205482831764,603.372531768788,159.23431565772597,170.77515888719392,20.39405990184383,0.18493652417194262,43.20075801361787,500.0,25.0,"overheating,oil_pressure_drop_gradual"
1788704104358,ENG_TELEM_42,2909.0641127728945,217.09130209964468,602.2000717279507,152.0455008844671,168.76912247387412,20.78161463844537,0.21698526321249156,43.298194344213094,500.0,25.0,"overheating,oil_pressure_drop_gradual"
1788704104458,ENG_TELEM_43,2910.6024359638495,218.0940290527556,599.5734101527213,151.92831404605752,173.01377851627697,20.486170145532654,0.2091670313018229,43.39835320082507,500.0,25.0,"overheating,oil_pressure_drop_gradual"
1788704104558,ENG_TELEM_44,2921.0662983899742,216.7028287841491,613.0437960354568,151.2524057688516,169.92630956109485,20.709832841855423,0.18776757910515396,43.5010743506493,500.0,25.0,"overheating,oil_pressure_drop_gradual"
1788704104658,ENG_TELEM_45,2941.15483399742,216.3647356757844,606.549461575702,147.04973250944937,171.9630966481223,20.275491472966962,0.16790139621784284,43.60619346175873,500.0,25.0,"overheating,oil_pressure_drop_gradual"
1788704104758,ENG_TELEM_46,2947.146039187445,221.58636860108427,603.6250779198789,141.6032937323893,174.91056594441753,20.98053804114657,0.22243127093341308,43.713542365999814,500.0,25.0,"overheating,oil_pressure_drop_gradual"
1788704104858,ENG_TELEM_47,2957.855796276356,218.18652731586454,604.4422714257539,139.62616717484084,172.8119565070869,20.814135451878787,0.1996136645793881,43.82294932802564,500.0,25.0,"overheating,oil_pressure_drop_gradual"
1788704104958,ENG_TELEM_48,2986.4093739029313,218.5441153206871,611.6697223985059,135.35493344343175,173.3251770377428,20.72169397242874,0.18517416553193256,43.93423932003587,500.0,25.0,"overheating,oil_pressure_drop_gradual"
1788704105058,ENG_TELEM_49,2936.1609056856964,215.46730600452616,608.6202704871001,131.80224914013525,172.11556809700562,21.092438625476266,0.18784628943200682,44.047234301783895,500.0,25.0,"overheating,oil_pressure_drop_gradual"
1788704105158,ENG_TELEM_50,5728.576543485519,279.039715193468,791.0325323703672,182.83507674974652,232.0100254850484,38.89271565079121,0.4800917054292853,100.0,500.0,25.0,"overheating,oil_pressure_drop_gradual"
1788704105258,ENG_TELEM_51,5701.549744648753,277.65799114453534,788.149175636325,185.36818045334155,229.88036176238478,38.315523206577595,0.47363493062450013,100.0,500.0,25.0,"overheating,oil_pressure_drop_gradual"
1788704105358,ENG_TELEM_52,5679.806022306076,277.7955452286801,778.915331060479,179.09998983231483,233.43983877609298,38.88329560117916,0.49604344702361974,100.0,500.0,25.0,"overheating,oil_pressure_drop_gradual"
1788704105458,ENG_TELEM_53,5710.449822014763,277.1640949405654,784.4218803675362,175.81820742230997,232.49814375924217,38.96478272907857,0.46525602377244174,100.0,500.0,25.0,"overheating,oil_pressure_drop_gradual"
1788704105558,ENG_TELEM_54,5704.736467337227,277.558761397347,779.8195163850669,169.66540770916552,231.7307960604511,38.96189329019795,0.501863057562869,100.0,500.0,25.0,"overheating,oil_pressure_drop_gradual"
1788704105658,ENG_TELEM_55,5701.598963009107,277.02962518735944,787.2397912382135,166.8723068461028,233.42721369857043,39.04886342995709,0.49695710307541685,100.0,500.0,25.0,"overheating,oil_pressure_drop_gradual"
1788704105758,ENG_TELEM_56,5717.491345340598,279.3397534579153,785.8088619617638,164.28663556689574,235.15372085155437,39.275550877583235,0.485871458568069,100.0,500.0,25.0,"overheating,oil_pressure_drop_gradual"
1788704105858,ENG_TELEM_57,5747.520072796695,278.1329480732525,786.8295883941812,164.48571720911005,230.11595107761826,39.11843044555458,0.5158926347234414,100.0,500.0,25.0,"overheating,oil_pressure_drop_gradual"
1788704105958,ENG_TELEM_58,5711.1682408844,277.7835428127146,789.2484148581387,160.35039975961146,231.38742410604522,38.9549645374451,0.5219755117387682,100.0,500.0,25.0,"overheating,oil_pressure_drop_gradual"
1788704106058,ENG_TELEM_59,5700.067497654516,279.44403106725247,790.0500978344947,154.66580968777583,235.25799871409265,38.464008860336065,0.4935583335237628,100.0,500.0,25.0,"overheating,oil_pressure_drop_gradual"
1788704106158,ENG_TELEM_60,5701.979807015741,277.5272451465778,786.6536462551201,154.47365173600784,233.8938702186851,38.78714242516559,0.5097583980395874,100.0,500.0,25.0,"overheating,oil_pressure_drop_gradual"
1788704106258,ENG_TELEM_61,5715.386486244734,280.99855751310724,787.6760172112441,152.94064756699385,235.14008146699842,39.230985561315336,0.5191993522469415,100.0,500.0,25.0,"overheating,oil_pressure_drop_gradual"
1788704106358,ENG_TELEM_62,5745.346508993346,279.02069767718115,788.1321835070502,149.34025760140204,234.1600569949993,39.9754384904418,0.4838999020628908,100.0,500.0,25.0,"overheating,oil_pressure_drop_gradual"
1788704106458,ENG_TELEM_63,5701.720093834585,276.7842047492983,779.7014461066467,144.0871402952363,232.49501002986486,38.93043511029655,0.494670168663094,100.0,500.0,25.0,"overheating,oil_pressure_drop_gradual"
1788704106558,ENG_TELEM_64,5712.987175984589,280.360954638791,789.5723443370155,142.2743028152078,236.19291438547953,39.535530884084025,0.5125752545823933,100.0,500.0,25.0,"overheating,oil_pressure_drop_gradual"
1788704106658,ENG_TELEM_65,5699.302124452579,278.38988488001274,789.7241637576686,142.47094401549325,234.4132103462474,39.02520522660713,0.4845932767029126,100.0,500.0,25.0,"overheating,oil_pressure_drop_gradual"
1788704106758,ENG_TELEM_66,5705.637616690214,278.5326934537565,791.7389428061058,141.31792442908446,232.95536796586873,38.72279172862288,0.5150855078372915,100.0,500.0,25.0,"overheating,oil_pressure_drop_gradual"
1788704106858,ENG_TELEM_67,5692.759214596987,277.82293426722765,791.3117715535805,135.53602682709774,233.08773912499373,38.79271544738881,0.5065174461391432,100.0,500.0,25.0,"overheating,oil_pressure_drop_gradual"
1788704106958,ENG_TELEM_68,5689.727639994026,279.44411418183415,790.2672547869944,137.84426238472025,233.6140495846196,38.80578477747314,0.474125814283202,100.0,500.0,25.0,"overheating,oil_pressure_drop_gradual"
1788704107058,ENG_TELEM_69,5724.17556112334,280.2809854032332,791.5454994567472,136.0752626089445,234.94368704285833,39.18849961216477,0.5105756578055094,100.0,500.0,25.0,"overheating,oil_pressure_drop_gradual"
1788704107158,ENG_TELEM_70,5718.120370209296,281.3601923102214,789.779549217405,135.87771594273582,234.06329670156916,38.848956824600755,0.5065324940945379,100.0,500.0,25.0,"overheating,oil_pressure_drop_gradual"
1788704107258,ENG_TELEM_71,5708.836219183686,278.5414382556655,789.6144665272367,130.76199350276926,235.37722358603799,39.406613296833214,0.487875701598742,100.0,500.0,25.0,"overheating,oil_pressure_drop_gradual"
1788704107358,ENG_TELEM_72,5739.2971553411135,282.9518231822161,789.4808530451501,132.78711359454664,235.88442607670243,39.28589925058961,0.4745153346767945,100.0,500.0,25.0,"overheating,oil_pressure_drop_gradual"
1788704107458,ENG_TELEM_73,5714.736139228234,281.26503564449706,788.4948758836064,128.98896294746655,237.77733755453377,39.00573352925326,0.47952695587530975,100.0,500.0,25.0,"overheating,oil_pressure_drop_gradual"
1788704107558,ENG_TELEM_74,5700.3904683108685,280.0014824864496,793.3748282275371,127.0943354793144,234.9026261344308,38.87991588890222,0.519492155114094,100.0,500.0,25.0,"overheating,oil_pressure_drop_gradual"
1788704107658,ENG_TELEM_75,5706.913606817848,281.33199703699097,789.2679076622422,132.52757219421457,234.4696451482873,39.007323350226265,0.5192605800581234,100.0,500.0,25.0,"overheating,oil_pressure_drop_gradual"
1788704107758,ENG_TELEM_76,5728.854275564067,281.445214362705,793.5065291597538,124.07314392286345,237.55772298669046,39.19131504663691,0.461209715002604,100.0,500.0,25.0,"overheating,oil_pressure_drop_gradual"
1788704107858,ENG_TELEM_77,5690.561924655876,279.373747789806,790.6059628889333,126.42553762391806,235.5428944989843,38.807671163377506,0.4982163885022248,100.0,500.0,25.0,"overheating,oil_pressure_drop_gradual"
1788704107958,ENG_TELEM_78,5730.193462262978,281.79363160893325,794.7070867505087,125.90916406208643,238.67366435977783,39.274139897869524,0.44261336729307815,100.0,500.0,25.0,"overheating,oil_pressure_drop_gradual"
1788704108058,ENG_TELEM_79,5698.0410493369345,283.75495602408574,789.1146046141447,124.4608442171088,239.19262298270587,39.021279775586926,0.4900258727003594,100.0,500.0,25.0,"overheating,oil_pressure_drop_gradual"
1788704108158,ENG_TELEM_80,3099.6914193553944,230.1564336308708,623.7835441245547,84.90626962175624,185.22810891122222,21.84356938814608,0.1787644721603002,47.38100359154746,500.0,25.0,"overheating,oil_pressure_drop_gradual"
1788704108258,ENG_TELEM_81,3126.460376537558,227.43885004244675,628.2228734430927,98.41314763326606,181.32128264816026,22.017836592237945,0.2232910968677448,47.45208173469352,500.0,25.0,"overheating,oil_pressure_drop_gradual"
1788704108358,ENG_TELEM_82,3149.2255934544155,228.93390775946258,626.2057378468186,102.42017119556847,179.77814896856972,22.242636188010877,0.27456573145911434,47.51923707014694,500.0,25.0,"overheating,oil_pressure_drop_gradual"
1788704108458,ENG_TELEM_83,3103.1382445346685,229.77567520333855,628.5540151671885,109.06645598737914,184.8796990829298,21.239910561858895,0.23195313151071276,47.58236216369671,500.0,25.0,"overheating,oil_pressure_drop_gradual"
1788704108558,ENG_TELEM_84,3135.662884162811,230.40885068747465,627.1857212375613,118.26070580719336,182.2541723856503,21.446229861325826,0.2394682287142621,47.641356028659104,500.0,25.0,"overheating,oil_pressure_drop_gradual"
1788704108658,ENG_TELEM_85,3144.633954881118,227.27865023985933,626.0802526477097,129.47183310981998,177.86897360966285,22.120059339127746,0.201139516648733,47.696124287434884,500.0,25.0,"overheating,oil_pressure_drop_gradual"
1788704108758,ENG_TELEM_86,3138.2687270623014,230.0151204454192,631.0124021069635,133.01449899970342,181.13547736122993,22.06689420850196,0.19948170166692347,47.74657932249327,500.0,25.0,"overheating,oil_pressure_drop_gradual"
1788704108858,ENG_TELEM_87,3134.176815921931,229.78162774822147,630.2299552204463,137.69489549020574,180.73207035786672,21.49180795245237,0.191702654821925,47.79264041654134,500.0,25.0,"overheating,oil_pressure_drop_gradual"
1788704108958,ENG_TELEM_88,3151.2724976441073,229.26919002780892,631.3750483489292,150.73470816534518,178.70772411730815,21.640807171194705,0.22369054610720532,47.83423388165446,500.0,25.0,"overheating,oil_pressure_drop_gradual"
1788704109058,ENG_TELEM_89,3132.6631058161433,228.74469449657738,634.4961523871525,155.85199098472037,178.01143515917994,22.230717517338125,0.21928963434917123,47.87129317716125,500.0,25.0,"overheating,oil_pressure_drop_gradual"
1788704109158,ENG_TELEM_90,3141.064551510017,228.5828425695297,631.4590065948579,160.5446501858886,177.43706915869132,22.0623323710742,0.19160797706286867,47.90375901609446,500.0,25.0,"overheating,oil_pressure_drop_gradual"
1788704109258,ENG_TELEM_91,3176.442087971868,229.96565602259608,629.5759922523084,160.998429359775,177.12080079978978,22.037346254124493,0.20222790882138797,47.93157946003747,500.0,25.0,"overheating,oil_pressure_drop_gradual"
1788704109358,ENG_TELEM_92,3162.929314376207,228.9581036095,628.3089417165943,176.1593369669067,174.8283334789716,22.38244204026428,0.20617064178229713,47.95471000221468,500.0,25.0,"overheating,oil_pressure_drop_gradual"
1788704109458,ENG_TELEM_93,3127.265139448207,227.55274175031784,632.505315305936,176.05453229102585,173.19286751996074,21.89675110461391,0.2111384944021335,47.97311363869287,500.0,25.0,"overheating,oil_pressure_drop_gradual"
1788704109558,ENG_TELEM_94,3134.4790151356847,227.19521240433994,634.8897919377187,182.34817375982047,174.69580694192337,21.82588873912907,0.24784952529240933,47.98676092757957,500.0,25.0,"overheating,oil_pressure_drop_gradual"
1788704109658,ENG_TELEM_95,3158.4849309313126,228.7108724141532,626.2674852071557,190.25659441422434,178.3254128385619,22.079368177915217,0.22604599997426966,47.99563003612381,500.0,25.0,"overheating,oil_pressure_drop_gradual"
1788704109758,ENG_TELEM_96,3140.505777534237,231.3217953937322,631.449796458993,193.12515458509685,178.67004723173827,21.54370597655146,0.22303274964493766,47.99970677564393,500.0,25.0,"overheating,oil_pressure_drop_gradual"
1788704109858,ENG_TELEM_97,3178.620822245521,229.50899661314298,628.7677798234229,193.16119961372488,174.20191667028303,21.911782394874272,0.20721464592066022,47.998984624226324,500.0,25.0,"overheating,oil_pressure_drop_gradual"
1788704109958,ENG_TELEM_98,3184.956573521966,232.86328790489424,631.7777396426341,201.47176450641192,177.42497280393135,22.18012894328591,0.22834100617109127,47.99346473715922,500.0,25.0,"overheating,oil_pressure_drop_gradual"
1788704110058,ENG_TELEM_99,3129.7536249368027,226.76838327068555,633.9085557369958,205.66459017971042,172.74166850652884,21.49463934593151,0.2006920747319875,47.98315594508442,500.0,25.0,"overheating,oil_pressure_drop_gradual"
1788704110158,ENG_TELEM_00,3124.4362894452206,228.41925776344766,625.4852397307865,211.98083858033434,172.85192413853267,21.960052876968923,0.22896090670059557,47.96807473987015,500.0,25.0,"overheating,oil_pressure_drop_gradual"
1788704110258,ENG_TELEM_01,3108.3393883023905,226.98968293011,620.5581366080685,214.43575349784533,170.24186541999956,22.18328729158088,0.21718477264987163,47.948245248227586,500.0,25.0,"overheating,oil_pressure_drop_gradual"
1788704110358,ENG_TELEM_02,3159.970638279924,229.06455191836443,629.3751182509955,221.04034282609396,173.61646400834644,22.6483865539187,0.20990655983849807,47.92369919311331,500.0,25.0,"overheating,oil_pressure_drop_gradual"
1788704110458,ENG_TELEM_03,3118.164969928345,225.7231954088671,625.3466625572142,225.0705368458442,171.20096421607994,21.85707838673177,0.19804008117189287,47.894475842979276,500.0,25.0,"overheating,oil_pressure_drop_gradual"
1788704110558,ENG_TELEM_04,3121.8121585266617,229.86452695222644,625.8766508619415,226.0847371833442,175.1701857425883,21.663766233392455,0.20907298730895899,47.860621948951724,500.0,25.0,"overheating,oil_pressure_drop_gradual"
1788704110658,ENG_TELEM_05,3134.202643263739,226.19781905708885,620.8990778410752,228.18820514404717,171.8738136961054,21.549826400480644,0.21297134081531727,47.82219167003932,500.0,25.0,"overheating,oil_pressure_drop_gradual"
1788704110758,ENG_TELEM_06,3119.8892859820203,219.04303953086495,622.2509887451401,237.86427663479768,165.9452911337826,22.044170415800284,0.20236914230126885,47.7792464864903,500.0,25.0,"overheating,oil_pressure_drop_gradual"
1788704110858,ENG_TELEM_07,3131.879190689956,223.13965915334248,615.838162572253,235.55514265264142,172.0534941010644,21.82699355181361,0.26005007456267615,47.73185510143719,500.0,25.0,"overheating,oil_pressure_drop_gradual"
1788704110958,ENG_TELEM_08,3161.4216607853077,221.37076223674887,621.7495952313398,243.4722204477763,169.13673944023247,22.825244500101604,0.19905936251909798,47.68009333098646,500.0,25.0,"overheating,oil_pressure_drop_gradual"
1788704111058,ENG_TELEM_09,3104.100249644598,222.04354377101407,612.9299730747175,247.5121330806928,166.91828919957098,21.861124386193524,0.25247099979951737,47.624043982928896,500.0,25.0,"overheating,oil_pressure_drop_gradual"
1788704111158,ENG_TELEM_10,3165.8371865112726,219.6898290053683,612.9474189538979,248.82200697693636,166.68994461478846,22.051758044263696,0.1950932734843921,47.56379672426484,500.0,25.0,"overheating,oil_pressure_drop_gradual"
1788704111258,ENG_TELEM_11,3129.2478121034765,222.04226470757794,614.8536885728736,249.29228727931044,170.52946552472505,21.856938559073647,0.1901137209104592,47.499447937756095,500.0,25.0,"overheating,oil_pressure_drop_gradual"
1788704111358,ENG_TELEM_12,3147.7517905528975,218.35367645755855,614.4941582104032,256.3783713899558,167.99198864892372,22.170116763063625,0.22543063633716104,47.43110056773406,500.0,25.0,"overheating,oil_pressure_drop_gradual"
1788704111458,ENG_TELEM_13,3072.4615826203412,216.5161122111466,609.4226367271042,253.4152429751704,166.0081629727334,22.310433161030396,0.20520938075192702,47.35886395541078,500.0,25.0,"overheating,oil_pressure_drop_gradual"
1788704111558,ENG_TELEM_14,3127.8068361068376,218.07858296958446,613.6863240896494,262.1967082878051,166.10939728704662,21.80362458750529,0.23436258195075504,47.282853663956324,500.0,25.0,"overheating,oil_pressure_drop_gradual"
1788704111658,ENG_TELEM_15,3146.908992733956,218.0900929875177,615.571930278829,257.66844804606967,166.02617083494408,21.875656378177105,0.23752002648219367,47.20319129362234,500.0,25.0,"overheating,oil_pressure_drop_gradual"
1788704111758,ENG_TELEM_16,3074.9805549270513,213.2546141481078,609.9254163372146,260.77830594576966,163.36458412297245,21.606448952210616,0.21721841942222517,47.120004287207635,500.0,25.0,"overheating,oil_pressure_drop_gradual"
1788704111858,ENG_TELEM_17,3085.497939400723,216.27673405828978,606.6519171305753,265.3874288529609,166.5213013444698,22.037431667669562,0.23439192719348095,47.03342572617686,500.0,25.0,"overheating,oil_pressure_drop_gradual"
1788704111958,ENG_TELEM_18,3132.438634460622,217.39458916193354,604.4663084903008,267.91324911575805,166.19078777472143,22.226262694050074,0.2172014657676106,46.94359411775855,500.0,25.0,"overheating,oil_pressure_drop_gradual"
1788704112058,ENG_TELEM_19,3097.477050905163,215.61452988569667,600.3307402459478,272.44770009351515,162.9849946468109,21.4638320402667,0.23086445193617272,46.85065317336313,500.0,25.0,"overheating,oil_pressure_drop_gradual"
1788704112158,ENG_TELEM_20,3101.856812096244,211.27479948664464,603.2225477221867,273.23191529506994,162.45571371875337,22.2551443959307,0.1737021296572436,46.75475157867528,500.0,25.0,"overheating,oil_pressure_drop_gradual"
1788704112258,ENG_TELEM_21,3069.3198341724537,212.1508435879828,601.2531681525436,274.42789216736753,163.46646046859718,21.98559464161853,0.22101719655827018,46.6560427557886,500.0,25.0,"overheating,oil_pressure_drop_gradual"
1788704112358,ENG_TELEM_22,3101.7071886362096,210.667613706203,602.7508367726263,275.2892028466375,163.124767195429,21.98656021301543,0.22204766068820175,46.55468461776292,500.0,25.0,"overheating,oil_pressure_drop_gradual"
1788704112458,ENG_TELEM_23,3055.9394978149758,211.744235913973,597.6341025844155,273.1371479952556,162.56655015356918,21.485824266121526,0.2202585786570082,46.4508393159972,500.0,25.0,"overheating,oil_pressure_drop_gradual"
1788704112558,ENG_TELEM_24,3105.1507439340317,211.60325547286413,598.7143716160799,279.3131050041926,161.80398756597074,21.878029912941628,0.23472852022794033,46.344672980821755,500.0,25.0,"overheating,oil_pressure_drop_gradual"
1788704112658,ENG_TELEM_25,3078.935269387711,208.20546477546335,598.8786181446926,280.76837216617787,162.09038106411762,21.47107660261552,0.18651312831283812,46.23635545572527,500.0,25.0,"overheating,oil_pressure_drop_gradual"
1788704112758,ENG_TELEM_26,3057.0592637474583,209.89052917929234,593.8381382493772,277.37596743941714,162.21414092621438,20.973135124768607,0.19349487870768717,46.12606002564139,500.0,25.0,"overheating,oil_pressure_drop_gradual"
1788704112858,ENG_TELEM_27,3055.693982451666,208.6238626315401,593.7191991388922,284.5912887026029,160.11867934589048,21.433104324091012,0.2310959469815571,46.013963139729796,500.0,25.0,"overheating,oil_pressure_drop_gradual"
1788704112958,ENG_TELEM_28,3086.1979413682166,206.32436359463924,595.4974960300642,287.10670703980117,160.07826386438336,21.62115131413192,0.2269090824916176,45.90024412909525,500.0,25.0,"overheating,oil_pressure_drop_gradual"
1788704113058,ENG_TELEM_29,3049.0046488198805,204.630344639646,592.1041712183743,287.3738044895535,157.3276819426146,21.628699667368064,0.24148645330828641,45.78508491989598,500.0,25.0,"overheating,oil_pressure_drop_gradual"
1788704113158,ENG_TELEM_30,3073.8730137962793,204.68316085049202,597.9669393366318,291.1701003416063,157.86194831212904,21.30152458760455,0.21363767606452236,45.668669742300736,500.0,25.0,"overheating,oil_pressure_drop_gradual"
1788704113258,ENG_TELEM_31,3040.4072650821995,205.22040719170482,592.2545346038514,289.69975223510966,158.56450358825842,20.545732838923453,0.22317160022241977,45.55118483575975,500.0,25.0,"overheating,oil_pressure_drop_gradual"
1788704113358,ENG_TELEM_32,3036.9045876294554,204.07334494238347,592.1946813947906,292.03779817130226,158.68053065314248,21.04819876103899,0.22835185689927373,45.43281815106137,500.0,25.0,"overheating,oil_pressure_drop_gradual"
1788704113458,ENG_TELEM_33,2989.807558282428,205.20553326275234,587.9851439768181,290.3104005791828,158.34421647172093,20.58333455994642,0.19174412684523795,45.313759049650905,500.0,25.0,"overheating,oil_pressure_drop_gradual"
1788704113558,ENG_TELEM_34,3030.2893473184577,203.2318481526176,581.6086991758916,293.39737617487117,158.65938153087907,20.842138620664205,0.21553794838088458,45.194198000692694,500.0,25.0,"overheating,oil_pressure_drop_gradual"
1788704113658,ENG_TELEM_35,3016.141513120084,203.47485809261045,585.1191640142863,294.22364044313525,159.11335911803036,20.68578630098731,0.19730505047719307,45.074326276360075,500.0,25.0,"overheating,oil_pressure_drop_gradual"
1788704113758,ENG_TELEM_36,2985.239745055155,202.01606184701433,579.2072406695252,294.9821127321661,157.1761804683193,20.74752414495229,0.1901175407755225,44.9543356458407,500.0,25.0,"overheating,oil_pressure_drop_gradual"
1788704113858,ENG_TELEM_37,2996.837878827581,199.97970585798603,580.0625795686548,293.7693021607402,154.49646654893445,21.268759172704208,0.1883653178396381,44.83441806854677,500.0,25.0,"overheating,oil_pressure_drop_gradual"
1788704113958,ENG_TELEM_38,2996.925131758563,195.29313078327473,585.8799265378098,299.8316300366018,153.07160440725468,21.34019436323154,0.20862685409979656,44.71476538702091,500.0,25.0,"overheating,oil_pressure_drop_gradual"
1788704114058,ENG_TELEM_39,2961.3229532425344,203.0565811346364,576.7500833053876,290.388148616877,157.94703418051853,20.65875376614502,0.18126017462428742,44.59556902002901,500.0,25.0,"overheating,oil_pressure_drop_gradual"
1788704114158,ENG_TELEM_40,5187.449154989148,244.71626969215328,726.8645460876922,399.3997198021497,200.19336287508574,35.782456150102085,0.3867872781014209,90.0,500.0,25.0,"overheating,oil_pressure_drop_gradual"
1788704114258,ENG_TELEM_41,5207.129594563056,244.43689790547893,721.4275329474937,401.87909494033875,201.7051573968451,35.862614112417454,0.4271096280928364,90.0,500.0,25.0,"overheating,oil_pressure_drop_gradual"
1788704114358,ENG_TELEM_42,5232.743921601498,241.96410221937955,725.0019564438492,404.48799568203765,200.32697354024094,35.916995663811704,0.4263517874594449,90.0,500.0,25.0,"overheating,oil_pressure_drop_gradual"
1788704114458,ENG_TELEM_43,5193.669412244804,245.85134151959838,717.8340193950368,406.01823463816953,204.33191436653382,35.88337474241955,0.429764489253385,90.0,500.0,25.0,"overheating,oil_pressure_drop_gradual"
1788704114558,ENG_TELEM_44,5210.815407638538,242.87187942567127,719.5517327132123,412.35411256157477,201.89435110695328,35.90673394542191,0.447263467469125,90.0,500.0,25.0,"overheating,oil_pressure_drop_gradual"
1788704114658,ENG_TELEM_45,5213.215836713242,244.9715458063524,714.9213224140052,409.04877761025756,200.76196348064545,36.26923106657054,0.4091275896041044,90.0,500.0,25.0,"overheating,oil_pressure_drop_gradual"
1788704114758,ENG_TELEM_46,5238.080220435605,245.284917476096,719.075104989694,412.5699583521134,201.63070456092663,35.98266735088325,0.4606449082309966,90.0,500.0,25.0,"overheating,oil_pressure_drop_gradual"
1788704114858,ENG_TELEM_47,5197.071644453425,242.7631543673858,717.5938529319643,404.95809077988605,201.32647769350473,35.39830820480803,0.43819449075622985,90.0,500.0,25.0,"overheating,oil_pressure_drop_gradual"
1788704114958,ENG_TELEM_48,5220.621867323053,238.72988391907327,718.260138292308,418.1228031194248,199.25588596961086,36.2445290495149,0.4274211441437193,90.0,500.0,25.0,"overheating,oil_pressure_drop_gradual"
1788704115058,ENG_TELEM_49,5236.928928688858,239.48875846211655,717.1041000208434,420.79824137322987,197.97104909296374,35.95858275075232,0.40224532796584045,90.0,500.0,25.0,"overheating,oil_pressure_drop_gradual"
