timestamp,msg_id,rpm,cht,egt,oil_pressure,oil_temp,fuel_flow,vibration_amplitude,vibration_freq,throttle_cmd,active_faults
0.0,ENG_TELEM_00,3005.2783955788327,162.48842459659193,524.6922565477189,47.99872684057371,141.58718961345974,21.302643409500913,0.19948132060328463,50.087973259647214,45.0,healthy
0.1,ENG_TELEM_01,3015.3671655930225,161.58347171401672,516.1401533331888,47.94489070194765,142.65279129572474,21.06897905435111,0.24203790843947487,50.25611942655038,45.1199680025599,healthy
0.2,ENG_TELEM_02,3008.377483972708,163.8069130484225,527.155918553049,48.60808437995872,144.45248855917757,20.714391104563745,0.2165775662597657,50.13962473287847,45.23974408190752,healthy
0.30000000000000004,ENG_TELEM_03,3050.912508139157,163.369591664894,519.3845364467128,48.699419839539914,142.58359427251523,21.33039496353978,0.2439787431222231,50.84854180231928,45.35913662186676,healthy
0.4,ENG_TELEM_04,3038.5937335802605,160.1222692666919,525.6912054815735,48.72962427576415,141.20879286718616,20.91145032668228,0.17719313405884624,50.64322889300434,45.47795461984274,healthy
0.5,ENG_TELEM_05,3004.15154290846,161.2684137306661,530.8453480914028,48.331818620131436,140.56318856635787,21.311397740366573,0.24410349059220315,50.06919238180767,45.59600799238518,healthy
0.6000000000000001,ENG_TELEM_06,3039.020142973381,164.79241358120711,527.7616892702575,48.9023512681208,144.7168413445044,21.086844978000006,0.20491934046000765,50.65033571622302,45.7131078792814,healthy
0.7000000000000001,ENG_TELEM_07,3005.986201087952,161.89975455604312,524.1250788551009,48.095811841820044,141.287215709693,21.406659350495126,0.17897659130766694,50.09977001813253,45.82906694569234,healthy
0.8,ENG_TELEM_08,3014.094464183775,162.71036654312232,531.5125497959795,48.39646927916998,142.9217514932642,21.44734299233785,0.20560636632837156,50.23490773639625,45.94369968184835,healthy
0.9,ENG_TELEM_09,3039.8112375454525,165.1855337389641,523.1626599944267,48.77127930473764,144.63161033860231,20.61488323011196,0.20500913782495217,50.66352062575754,46.05682269982527,healthy
1.0,ENG_TELEM_10,3056.105200022042,161.67503539171392,534.5375621365671,48.335537260305856,141.08007164895355,21.14168747252716,0.14916036165699192,50.935086667034035,46.16825502692595,healthy
1.1,ENG_TELEM_11,3059.0363000018815,162.9983244879844,531.0187910603717,48.60728930688654,141.817252224021,21.16898434143224,0.2262627750502184,50.98393833336469,46.277818395198,healthy
1.2000000000000002,ENG_TELEM_12,3066.5000493391663,163.21184487159522,529.8692155713502,48.52921422042582,144.40236749607337,21.189497921248492,0.2032833372145489,51.10833415565277,46.38533752662445,healthy
1.3,ENG_TELEM_13,3087.056235183734,164.34608573348726,525.7904091876402,49.27659479047082,143.0408142162041,21.63932211961633,0.22501635503378958,51.45093725306223,46.49064041353121,healthy
1.4000000000000001,ENG_TELEM_14,3068.466385702645,163.89256877017127,531.0997911586677,48.65709801384306,142.87026871494967,21.048947357828045,0.2066071099556254,51.14110642837741,46.59355859376265,healthy
1.5,ENG_TELEM_15,3090.482876669364,165.62989357082287,527.3331069203199,49.025500584410324,143.86394184134423,21.274399514802123,0.26638854849098104,51.5080479444894,46.693927420185105,healthy
1.6,ENG_TELEM_16,3109.204601128921,164.12464417633112,530.2132341377421,49.152696441131965,143.82924236097858,21.52677002253936,0.21758476466709714,51.820076685482015,46.79158632408718,healthy
1.7000000000000002,ENG_TELEM_17,3112.4229435045954,165.0101438399405,530.6857077628727,48.74712342536272,144.28456996894306,21.841747169022977,0.1911487618847353,51.87371572507659,46.886379072055405,healthy
1.8,ENG_TELEM_18,3077.3966437399135,165.0497853236193,530.9189459366515,48.25594667798914,146.67658534305454,21.89919718828403,0.21781813319419804,51.28994406233189,46.97815401591442,healthy
1.9000000000000001,ENG_TELEM_19,3153.93910433544,166.56528505694433,533.6369040989013,49.765656364415854,147.364279483215,21.83925337060708,0.21522285711131262,52.565651738924,47.066764335331655,healthy
2.0,ENG_TELEM_20,3104.46016787876,164.43643340573362,535.5639936196283,48.73089884697677,146.79974833465286,21.439283128641932,0.21048624314522885,51.741002797979334,47.15206827269857,healthy
2.1,ENG_TELEM_21,3100.5635199861877,164.5643952439792,530.6396494051609,49.25583019539808,143.89199033323482,21.58989150907383,0.16616791904030687,51.67605866643646,47.23392935991258,healthy
2.2,ENG_TELEM_22,3114.744503214823,164.98785818884377,530.5028800667465,49.078985488418894,145.61501850664808,21.9402275549654,0.23927963052045173,51.91240838691372,47.31221663669691,healthy
2.3000000000000003,ENG_TELEM_23,3151.166307976561,163.8549143265525,537.7891882850817,49.30737890088706,142.16006577960178,22.161146371688243,0.28908684626904013,52.519438466276014,47.386804860109095,healthy
2.4000000000000004,ENG_TELEM_24,3122.179133853782,164.37649783124385,530.3053662418863,48.92691492228411,144.0550039836538,22.510369220355518,0.20172783093933114,52.03631889756303,47.457574704902996,healthy
2.5,ENG_TELEM_25,3118.476121088756,162.76899872166115,530.8961575484839,48.77648124488514,143.56353612301578,21.357646774794066,0.22546146891271424,51.97460201814593,47.52441295442369,healthy
2.6,ENG_TELEM_26,3149.045729670559,166.82868488182785,538.0373965384325,49.38455295272186,145.66777035622658,21.851317017573955,0.22006289005532276,52.48409549450932,47.587212681730016,healthy
2.7,ENG_TELEM_27,3096.232529128068,165.82136370965915,530.0740243934662,48.61151043123531,146.48369448626377,22.119263739837816,0.21205747671010033,51.6038754854678,47.645873420654844,healthy
2.8000000000000003,ENG_TELEM_28,3094.527881689006,165.18537991387834,531.1709477819105,48.90133427042368,145.3588301641262,22.04514697962678,0.22602547500207631,51.575464694816766,47.70030132652951,healthy
2.9000000000000004,ENG_TELEM_29,3132.5980231962662,165.40120046304816,533.2575639360648,49.64599917948943,146.4508335883686,21.919617358307768,0.2219348324030997,52.20996705327111,47.7504093263153,healthy
3.0,ENG_TELEM_30,3159.991338722776,164.47090742352034,536.1664034897514,49.65049837417415,144.7819107367828,21.74497147395214,0.23772899997363128,52.66652231204627,47.79611725790168,healthy
3.1,ENG_TELEM_31,3150.289798690614,167.08791138583868,529.207939874747,49.511878557489915,144.85032268407048,22.107375177727192,0.2092774483646574,52.5048299781769,47.837351998348616,healthy
3.2,ENG_TELEM_32,3158.059331610429,165.28265696165167,524.7389506468198,49.67757487637091,145.72809564091892,21.705223621624164,0.23680541158857762,52.63432219350715,47.874047580867675,healthy
3.3000000000000003,ENG_TELEM_33,3157.63052808039,167.5731619751679,533.7294417813921,49.566247570208255,146.3803689027945,22.22016484671313,0.2189806748372282,52.6271754680065,47.906145300354794,healthy
3.4000000000000004,ENG_TELEM_34,3164.186500309776,164.9984430000233,539.2786992624319,49.360666109417686,143.83797804833668,21.885096213564424,0.16581323754737776,52.7364416718296,47.93359380730595,healthy
3.5,ENG_TELEM_35,3139.2445082993595,164.50758682394118,531.1509931560839,49.32844237776175,144.4072748115255,22.056728721599935,0.26249962649967046,52.320741804989325,47.95634918996538,healthy
3.6,ENG_TELEM_36,3159.861375062557,163.1000221762848,535.0501366145037,49.56694837527014,143.70590917734464,22.033354243137563,0.20742449159345513,52.66435625104261,47.97437504457506,healthy
3.7,ENG_TELEM_37,3119.348309272294,165.9922702995678,533.5426447063919,49.624539843249664,144.25453230838528,22.057251842983504,0.2365184240313773,51.989138487871564,47.98764253361292,healthy
3.8000000000000003,ENG_TELEM_38,3182.056085763945,167.87573160966238,534.6431525318173,49.68340592741456,146.54553604646628,21.909231957528036,0.21807219112488477,53.034268096065745,47.99613043192675,healthy
3.9000000000000004,ENG_TELEM_39,3145.1330738919733,169.53752016205888,535.0551167665693,49.67870101138222,150.49285643582124,21.497643203725662,0.25291779963614075,52.41888456486622,47.9998251606899,healthy
4.0,ENG_TELEM_40,3157.0190691658336,164.6437849458774,534.5211084251652,49.19317334823934,145.31684560038886,22.25218563230559,0.25190578602074654,52.61698448609722,47.998720809124514,healthy
4.1000000000000005,ENG_TELEM_41,3156.8025629135536,162.92479233770155,531.9499943063796,49.69124141258098,144.47007659167463,22.287786772970957,0.22103502698536573,52.613376048559225,47.99281914395752,healthy
4.2,ENG_TELEM_42,3199.3413967583865,164.61835454216413,535.1008500909817,49.358930989900166,144.24818747442893,22.411822947104017,0.20760830477739958,53.32235661263977,47.98212960659423,healthy
4.3,ENG_TELEM_43,3114.700454889096,164.812525337916,530.1591162111761,49.52856596736528,144.7465225433275,21.16997351184878,0.1882515239267437,51.9116742481516,47.966669298014104,healthy
4.4,ENG_TELEM_44,3169.1995005068557,166.8543028675632,530.7139740970483,49.6310080337581,146.2074754699359,22.05383269015583,0.22157106249526615,52.81999167511426,47.946462951412855,healthy
4.5,ENG_TELEM_45,3188.964588761913,164.553399475276,536.2901303158059,49.54973889935437,145.0701577821767,22.320804813066335,0.21953208793859558,53.14940981269855,47.921542892634584,healthy
4.6000000000000005,ENG_TELEM_46,3135.0558100650496,164.7564058906759,527.0879274589886,49.54174974244134,144.83061492704826,22.63178530611589,0.18139800594316646,52.25093016775083,47.891948988457344,healthy
4.7,ENG_TELEM_47,3162.556013557655,163.58787364037815,537.956544512514,49.64355641239675,143.06834567014363,22.094480872340387,0.19594418963501542,52.70926689262759,47.85772858281479,healthy
4.800000000000001,ENG_TELEM_48,3125.016513248797,164.64013157058423,535.180886382975,49.24766629012667,145.43599750750616,22.55597279627094,0.20104236964325517,52.083608554146615,47.81893642105597,healthy
4.9,ENG_TELEM_49,3144.898044148871,166.92839150863546,533.0282985318697,49.694533812261454,146.4451394105367,21.89786944345289,0.18853696293691746,52.41496740248119,47.7756345623645,healthy
5.0,ENG_TELEM_50,5446.4171966484,212.81917032358453,677.5111559386752,66.24327149413254,191.02747093180665,37.49208669290593,0.4244535024890472,90.77361994414,95.0,overheating
5.1000000000000005,ENG_TELEM_51,5458.936696627044,216.16858180597916,687.9540410346619,66.13796630247035,193.99528598061178,37.97035921172614,0.4845429108017096,90.98227827711739,95.0,overheating
5.2,ENG_TELEM_52,5482.940036741284,219.2197630296499,682.4431299043333,66.4658166605599,196.15200774621658,37.596694073165715,0.4253394080803862,91.38233394568806,95.0,overheating
5.300000000000001,ENG_TELEM_53,5490.634181631612,216.49931581664808,684.768868215349,66.63111272493035,194.12531178297502,37.28191996309861,0.4437571433069181,91.51056969386019,95.0,overheating
5.4,ENG_TELEM_54,5472.710565715647,219.25588719890118,695.9944279763081,66.7542253637056,195.83428628956491,37.363253985004846,0.45971130650146025,91.21184276192746,95.0,overheating
5.5,ENG_TELEM_55,5429.3557257497205,218.62654234098804,685.5278751199329,66.1860796749907,196.55698897840236,37.57532043189473,0.45763535284139284,90.48926209582868,95.0,overheating
5.6000000000000005,ENG_TELEM_56,5477.291141092595,220.75533156414792,691.9911899500834,66.72607814349318,193.23727894981195,37.538073969550574,0.4830107788186509,91.2881856848766,95.0,overheating
5.7,ENG_TELEM_57,5485.803179236186,219.63303929413465,694.3653405843651,66.4767163188907,191.8721169151221,37.32039880076391,0.4648819487961239,91.43005298726978,95.0,overheating
5.800000000000001,ENG_TELEM_58,5465.702370851835,222.72249532971944,697.5665282789847,66.82978779029075,194.85811621015824,37.95297416148686,0.4709058148757576,91.09503951419725,95.0,overheating
5.9,ENG_TELEM_59,5464.6215943126535,225.37696975191324,695.9134147634924,66.60058934678305,197.27446483596782,37.12462991112022,0.4552109640408907,91.07702657187755,95.0,overheating
6.0,ENG_TELEM_60,5484.943172042758,227.20546482886706,700.7157431308913,66.6438175942935,197.1321679802224,37.737198845982284,0.4254764672981062,91.41571953404598,95.0,overheating
6.1000000000000005,ENG_TELEM_61,5423.659923699595,226.48778821973764,697.9884874286276,66.8297034452767,196.91432395228424,37.02699344313048,0.4376158521162521,90.39433206165992,95.0,overheating
6.2,ENG_TELEM_62,5481.078469568959,228.42645010804856,700.6085727805194,66.89896292145221,199.28157910265767,37.506417129773105,0.4523820268540133,91.35130782614932,95.0,overheating
6.300000000000001,ENG_TELEM_63,5456.462148662702,227.47375776737346,707.3001737030972,66.80392505206657,197.0301434784366,36.47402624103562,0.48592582651024446,90.94103581104504,95.0,overheating
6.4,ENG_TELEM_64,5485.349181740546,229.507506688918,708.1122425178805,66.36839222885548,199.1189532297378,37.765434443906614,0.44603953414007996,91.42248636234243,95.0,overheating
6.5,ENG_TELEM_65,5465.381430596872,230.55921626844034,706.4985770549642,66.67167237937613,198.9101945501962,37.30322122860219,0.45703585054361273,91.08969050994786,95.0,overheating
6.6000000000000005,ENG_TELEM_66,5483.555354470242,229.97185662989477,711.7791645707488,66.79684162916556,196.5878531224823,37.16137816591976,0.46082816643784774,91.3925892411707,95.0,overheating
6.7,ENG_TELEM_67,5475.4397083068925,231.0786895963448,712.3142958966123,66.50318412429712,196.15211977623426,37.56787217803859,0.4670978317639959,91.25732847178155,95.0,overheating
6.800000000000001,ENG_TELEM_68,5485.349584844661,233.00049558569123,718.1720008729168,66.10725188879822,199.7743204124281,37.68978309385083,0.4893083067244783,91.42249308074435,95.0,overheating
6.9,ENG_TELEM_69,5450.41050801907,236.66153678562443,712.0092411628601,65.93803927198739,201.26436535179744,37.10031280445321,0.45389952502408737,90.84017513365117,95.0,overheating
7.0,ENG_TELEM_70,5470.975484151476,232.69604716888074,717.4582334737249,66.66947274524213,198.4038793670556,37.48786681431468,0.4526956955340436,91.18292473585794,95.0,overheating
7.1000000000000005,ENG_TELEM_71,5475.437793743579,235.85902579468512,720.4113686543044,66.42206043314859,200.3977096690831,37.461357565679165,0.49154203694522813,91.257296562393,95.0,overheating
7.2,ENG_TELEM_72,5464.903663593692,236.30158660711058,712.2520733612505,66.94874241202666,199.72040286625355,37.3905089612411,0.4645379929706053,91.08172772656152,95.0,overheating
7.300000000000001,ENG_TELEM_73,5468.851735630257,236.55585013715813,711.0312144193463,66.56642693155712,196.8490972214995,37.46715542475232,0.44815055144613536,91.14752892717095,95.0,overheating
7.4,ENG_TELEM_74,5470.245048637159,233.75664163559264,717.7488556538644,66.75880628641453,197.8573598947836,36.9081193277985,0.46084120792020483,91.17075081061931,95.0,overheating
7.5,ENG_TELEM_75,5477.974681385405,240.78947986001427,727.351723368304,66.88094796399888,200.28899138695505,37.088673152168084,0.4486778547125273,91.29957802309009,95.0,overheating
7.6000000000000005,ENG_TELEM_76,5434.407326294376,244.4875327457494,720.550828437973,66.70958037708264,204.3034633492636,37.487017114829015,0.4483375492562863,90.57345543823959,95.0,overheating
7.7,ENG_TELEM_77,5472.151343438298,238.04116241299138,717.4709454066912,66.64450850691914,199.6061389236849,37.53117416725006,0.46430164638653976,91.2025223906383,95.0,overheating
7.800000000000001,ENG_TELEM_78,5474.955547002163,242.33923327209897,720.4654958796194,66.46453538879489,202.8970386207338,37.59315090838791,0.43098734480424944,91.24925911670272,95.0,overheating
7.9,ENG_TELEM_79,5445.241158637764,241.57785942247673,721.6800690666477,66.2018626741765,200.16343246642438,37.83724941206839,0.4645355368698628,90.7540193106294,95.0,overheating
8.0,ENG_TELEM_80,3001.126812915941,192.5515909066117,571.3737461057066,48.03432851495948,149.93459891516295,21.284964499736265,0.23171024155130354,50.018780215265686,44.82487756971726,overheating
8.1,ENG_TELEM_81,2984.06525634351,192.29552853145836,567.9766159166775,48.186326530082184,150.30464228755264,20.786858231951054,0.21917928086753075,49.7344209390585,44.70525421876467,overheating
8.200000000000001,ENG_TELEM_82,2974.4042373329885,192.67172839205116,570.8097069384992,48.31825614044857,152.48728309780495,20.99359430643647,0.18079588485431536,49.57340395554981,44.58610239818632,overheating
8.3,ENG_TELEM_83,2952.2446823893565,190.66016702037166,571.4596273093832,47.66204667467037,148.51601489700235,21.386808950595434,0.22638464080365742,49.20407803982261,44.467612725477416,overheating
8.4,ENG_TELEM_84,2948.001510070504,193.2598406209699,569.099838229363,47.89061991211943,149.88694830625371,20.47323536987324,0.19485863682143773,49.13335850117507,44.34997475883786,overheating
8.5,ENG_TELEM_85,2978.1511873267414,193.1216073908979,577.3290115373445,48.369553852315555,148.71416437207554,20.72094225127031,0.19924205677810697,49.63585312211236,44.2333766939195,overheating
8.6,ENG_TELEM_86,2926.462135333569,198.54254569840742,571.9114422852615,47.572765323247474,154.6232218130374,21.13739431510424,0.20362725466066042,48.77436892222615,44.1180050627533,overheating
8.700000000000001,ENG_TELEM_87,2970.767240048602,197.11832001240774,576.0823833176763,47.907751158689955,151.7653414227948,20.414515602843313,0.19685233114847017,49.51278733414337,44.004044435337796,overheating
8.8,ENG_TELEM_88,2947.709371900397,195.6520245770986,577.2167876033968,48.179019730619586,153.04145730875797,20.94920743693336,0.22243025735655025,49.12848953167328,43.891677124366566,overheating
8.9,ENG_TELEM_89,2930.6630222638464,198.78177310436806,577.472784103987,47.67775674856019,151.88227737922824,20.55082021169906,0.20100454885491587,48.84438370439744,43.78108289356675,overheating
9.0,ENG_TELEM_90,2989.3394312934124,195.83426173136576,574.8541691266007,47.66646072327041,151.66899732849558,20.48229850979849,0.2114361942411662,49.82232385489021,43.67243867011544,overheating
9.1,ENG_TELEM_91,2914.2570568402907,198.64753747059459,576.7638702680441,47.580162000334404,152.64263635300134,20.69911646966139,0.16147784389629866,48.570950947338176,43.56591826159397,overheating
9.200000000000001,ENG_TELEM_92,2972.483495138899,200.4005616586877,575.5518746802014,47.263864037400175,151.70292073120123,20.612431327635782,0.21638064819316957,49.54139158564831,43.461692077932824,overheating
9.3,ENG_TELEM_93,2922.881064006395,196.182349035119,579.7350117299559,47.58209507707838,148.53580568902518,20.180211970571392,0.17692023727266137,48.71468440010658,43.359926858792136,overheating
9.4,ENG_TELEM_94,2924.5363046863295,200.49153795508863,582.9124395552434,47.766742566369466,152.01849646825286,20.039607312314686,0.2018452381993775,48.74227174477216,43.26078540681377,overheating
9.5,ENG_TELEM_95,2916.44275974143,200.44908311673612,583.5827335508372,47.94546116965659,155.64030590832982,20.850953946271076,0.20795792177908623,48.607379329023836,43.16442632717184,overheating
9.600000000000001,ENG_TELEM_96,2889.6459117005247,200.4310897912307,580.425614065314,48.28062265086799,152.610518051974,20.2869735425465,0.2062928440922831,48.16076519500874,43.07100377383827,overheating
9.700000000000001,ENG_TELEM_97,2892.503759896227,201.29853890556373,575.7977891819737,47.60140218527483,153.84704210267864,20.50030160336856,0.2373917148840707,48.208395998270454,42.980667202969315,overheating
9.8,ENG_TELEM_98,2916.182773326877,204.2936091873186,580.6859207680577,47.37667927355362,155.82749734765545,20.135937340332816,0.21647363885207221,48.603046222114614,42.89356113380758,overheating
9.9,ENG_TELEM_99,2888.50218935996,201.4446487501422,583.7332835569867,47.5186753711434,151.9151611009122,20.561702219309097,0.16228414144658268,48.14170315599934,42.8098249174821,overheating
10.0,ENG_TELEM_00,2909.8513298510347,203.79400800417264,577.9642823790944,47.31824043518855,153.5036188739635,20.489403302169205,0.19912883575733184,48.49752216418391,42.72959251407622,overheating
10.100000000000001,ENG_TELEM_01,2919.9194032711634,204.26591417498543,583.0519836019812,47.49153658712095,155.21371633241037,20.254719635676953,0.21365734709640338,48.66532338785272,42.65299227832004,overheating
10.200000000000001,ENG_TELEM_02,2907.619229131721,205.45629122968552,587.2241107506902,47.31502411539974,152.6308146356057,19.91976253947954,0.21047953440896036,48.46032048552868,42.58014675425028,overheating
10.3,ENG_TELEM_03,2884.1687722930933,204.3722098332454,580.48459503797,47.38861662066612,153.8506245966152,20.12398715879652,0.19295542232574175,48.069479538218225,42.511172479165886,overheating
10.4,ENG_TELEM_04,2878.4093705053515,207.1760256191527,582.6034846558224,47.61573621059793,154.8252767347054,20.202814848229615,0.1677102457048323,47.973489508422524,42.446179797193274,overheating
10.5,ENG_TELEM_05,2852.483540735679,204.17158405414432,584.2346696352083,47.43499506088037,154.19761559053254,20.208948581779445,0.19635387877813007,47.54139234559465,42.385272682759236,overheating
10.600000000000001,ENG_TELEM_06,2873.5405086758124,204.52976865615898,583.9218897219893,46.77238499289268,151.3690907700414,20.016000226748545,0.18734688418341677,47.89234181126354,42.328548574254036,overheating
10.700000000000001,ENG_TELEM_07,2894.8261253278133,208.1155049934157,580.8106560726433,47.20787753002867,156.43531047438006,20.565943341149097,0.20889160300438833,48.247102088796886,42.276098218150786,overheating
10.8,ENG_TELEM_08,2879.6020569508582,207.66651983785474,590.3719772529712,47.59875919743977,154.96044255160658,20.389362351979877,0.18171170980330087,47.99336761584764,42.22800552383043,overheating
10.9,ENG_TELEM_09,2833.916604062817,203.04667980070323,587.475817033627,46.83517223649687,150.6173706645444,19.9651917962457,0.19587236868297475,47.23194340104695,42.184347429344676,overheating
11.0,ENG_TELEM_10,2876.8277018202825,210.45117232733045,588.0050717232849,47.418337155700364,157.40539990420012,19.78884311106443,0.23150556639749822,47.947128363671375,42.14519377833145,overheating
11.100000000000001,ENG_TELEM_11,2864.7853473254336,207.74034170070934,590.7457386055275,47.252891348487566,153.32139155288235,20.218611552681764,0.2074645609413925,47.74642245542389,42.11060720828005,overheating
11.200000000000001,ENG_TELEM_12,2850.413600074926,206.97315599311332,581.1192397038253,47.11641890618322,153.0557138342454,19.79180199382829,0.22079633214282687,47.506893334582095,42.080643050324475,overheating
11.3,ENG_TELEM_13,2885.951363952433,209.81173667713216,591.4219664916301,47.22836843007552,154.17579073106023,20.46326118906866,0.15966790378951243,48.09918939920722,42.055349240725455,overheating
11.4,ENG_TELEM_14,2884.358565123697,207.81339506285812,587.6391440563704,47.31132190537714,153.28805964435773,20.025795014189544,0.191420873782964,48.07264275206162,42.034766244182606,overheating
11.5,ENG_TELEM_15,2842.282452682578,207.7349602117505,590.3920436248153,47.561320322251824,154.31266662795835,19.83396952046344,0.19596569089475163,47.3713742113763,42.018926989099604,overheating
11.600000000000001,ENG_TELEM_16,2858.0483460913865,208.6085409878699,588.9992340445967,47.44890105551642,151.71847472109675,20.27502053904768,0.19872094167035947,47.63413910152311,42.00785681490572,overheating
11.700000000000001,ENG_TELEM_17,2855.082090650775,209.11640619818974,588.9710677789877,47.21530745068939,152.12225863836656,20.018177937498084,0.22198424215108253,47.58470151084625,42.001573431518146,overheating
11.8,ENG_TELEM_18,2845.3870766488008,205.22574290021623,594.5338154315942,47.01407972131809,150.12791608010127,20.44464952032501,0.21554231023701237,47.42311794414668,42.00008689100993,overheating
11.9,ENG_TELEM_19,2896.0093890430226,210.60071369413146,590.7616874783777,47.47556075065766,156.11257605402014,20.689379801717177,0.22001228403555642,48.266823150717045,42.00339957152876,overheating
12.0,ENG_TELEM_20,2819.8652454135567,209.91890835600307,591.7703789715844,46.84846008983776,150.6687559647543,19.894962086878635,0.18275949773302827,46.997754090225946,42.01150617349248,"overheating,oil_pressure_drop_gradual"
12.100000000000001,ENG_TELEM_21,2853.04842328731,213.1435298412548,584.2160817819835,45.83642502295828,160.09167049261453,20.216422221199448,0.21078064260094503,47.5508070547885,42.02439372806726,"overheating,oil_pressure_drop_gradual"
12.200000000000001,ENG_TELEM_22,2868.103319816274,213.51468945166437,592.541872109707,42.99082426166625,156.39695784922208,20.10020237052225,0.21762060113721365,47.8017219969379,42.04204161791499,"overheating,oil_pressure_drop_gradual"
12.3,ENG_TELEM_23,2841.6098312705903,210.19368460880034,592.7762621776812,41.81082835135856,157.89387305847666,20.181460793089784,0.1975944637081335,47.36016385450984,42.06442161017659,"overheating,oil_pressure_drop_gradual"
12.4,ENG_TELEM_24,2869.858225567309,212.96886266679508,600.859448063754,41.08030468840097,159.2048881314963,20.047246286336154,0.20203585921981834,47.830970426121816,42.091497901638576,"overheating,oil_pressure_drop_gradual"
12.5,ENG_TELEM_25,2854.566476897762,211.3213641104826,600.6491123825115,39.54763487067845,159.7710739120053,20.240078826810116,0.18392261258131146,47.576107948296034,42.12322717601059,"overheating,oil_pressure_drop_gradual"
12.600000000000001,ENG_TELEM_26,2874.2879476190456,211.93563382684226,598.9024629885163,37.766923610381745,160.51581694104937,20.46481278796064,0.2399069498933873,47.904799126984095,42.15955867322217,"overheating,oil_pressure_drop_gradual"
12.700000000000001,ENG_TELEM_27,2874.7765160428585,215.0668357427759,602.6193756067753,36.92955082861765,164.79820592633214,20.2816807548198,0.19886790462833015,47.912941934047645,42.20043427062811,"overheating,oil_pressure_drop_gradual"
12.8,ENG_TELEM_28,2851.5404575350185,213.80288893488057,598.0208679952209,35.08110826284101,162.16585115777698,20.04661384000544,0.20769281282363025,47.52567429225031,42.2457885759922,"overheating,oil_pressure_drop_gradual"
12.9,ENG_TELEM_29,2878.727787055576,213.82781697731684,598.5426937088693,34.68533221120213,163.5806894810255,19.41313679853834,0.2220312845466274,47.97879645092626,42.295549032100936,"overheating,oil_pressure_drop_gradual"
13.0,ENG_TELEM_30,2854.8823781252495,214.6875928432207,594.1830733355623,32.632791552359436,164.83634508422014,20.32168274555625,0.1849257971385947,47.58137296875416,42.34963603283954,"overheating,oil_pressure_drop_gradual"
13.100000000000001,ENG_TELEM_31,2836.739454515642,212.9221117890577,598.203736031776,31.68397068843538,163.76854291419988,19.93000926430426,0.16362065336922854,47.27899090859403,42.40796305054478,"overheating,oil_pressure_drop_gradual"
13.200000000000001,ENG_TELEM_32,2844.053801718786,212.37815570629073,597.2590756800087,30.48067789711119,166.40858823357652,20.152663155801395,0.20639276845227267,47.4008966953131,42.47043677443075,"overheating,oil_pressure_drop_gradual"
13.3,ENG_TELEM_33,2845.285369445744,212.4294945230723,595.7342603508182,29.561218379605393,165.10644338701056,19.780773876839714,0.17745568876167625,47.421422824095735,42.536957259866256,"overheating,oil_pressure_drop_gradual"
13.4,ENG_TELEM_34,2894.9713877136155,219.0297661624587,598.0982627928886,28.87325721259425,169.93508041639686,20.868092878195508,0.212682242866069,48.249523128560256,42.607418088264886,"overheating,oil_pressure_drop_gradual"
13.5,ENG_TELEM_35,2872.302871455978,213.1878895749466,601.4466135102678,28.334504387703035,163.49529173407237,20.00574735992647,0.19065547649964046,47.8717145242663,42.68170653733204,"overheating,oil_pressure_drop_gradual"
13.600000000000001,ENG_TELEM_36,2887.954002995664,214.1871628953347,600.9739367927232,26.81942987841447,165.09191059980353,20.218022840224407,0.1916458311661437,48.1325667165944,42.759703761396565,"overheating,oil_pressure_drop_gradual"
13.700000000000001,ENG_TELEM_37,2914.88250256515,218.5686305035813,600.7592433863265,26.546779566588526,172.2553915345067,20.324204185133272,0.21072278104222777,48.5813750427525,42.84128498153848,"overheating,oil_pressure_drop_gradual"
13.8,ENG_TELEM_38,2877.4200904735,217.71629556270545,601.0379422995187,25.551201729977624,169.1516192880212,20.28987567154832,0.17211069432262427,47.95700150789166,42.92631968520862,"overheating,oil_pressure_drop_gradual"
13.9,ENG_TELEM_39,2877.8223319086023,215.3629312123435,603.9772203074454,24.246402709164286,167.74532108524477,20.19656168763739,0.2094539025797082,47.96370553181004,43.01467183502089,"overheating,oil_pressure_drop_gradual"
14.0,ENG_TELEM_40,2929.145837524025,217.02206295268337,603.6479905847203,24.32685226719155,171.45225984252028,20.744324090481506,0.22159202836444253,48.819097292067084,43.10620008638304,"overheating,oil_pressure_drop_gradual"
14.100000000000001,ENG_TELEM_41,2882.8979386278497,216.61244925887704,601.5208064032468,22.94569976759273,169.86982636251614,20.336919309861738,0.2249331300253798,48.04829897713083,43.20075801361787,"overheating,oil_pressure_drop_gradual"
14.200000000000001,ENG_TELEM_42,2951.739009169565,220.21355294094275,605.7611344990589,22.720659325599843,175.4143398918973,20.456568641201,0.187484938154402,49.19565015282608,43.298194344213094,"overheating,oil_pressure_drop_gradual"
14.3,ENG_TELEM_43,2906.88797452071,217.83504280704574,602.4535765063091,22.43884058753207,173.71034306725065,20.577397320279957,0.20758473790323023,48.4481329086785,43.39835320082507,"overheating,oil_pressure_drop_gradual"
14.4,ENG_TELEM_44,2960.413718231134,219.3734737519375,609.2537337258203,21.892095717607337,173.40776814557603,20.663904744017064,0.17073681577382427,49.34022863718557,43.5010743506493,"overheating,oil_pressure_drop_gradual"
14.5,ENG_TELEM_45,2930.804647941752,218.2026157158457,609.402287590646,21.05393164296693,174.1119255827235,20.49208948467103,0.19153709075983308,48.84674413236254,43.60619346175873,"overheating,oil_pressure_drop_gradual"
14.600000000000001,ENG_TELEM_46,2946.4462774898207,218.50865522693974,607.1755504070723,20.18500001747582,173.5608709934372,20.897599022033635,0.18529282458502547,49.10743795816368,43.713542365999814,"overheating,oil_pressure_drop_gradual"
14.700000000000001,ENG_TELEM_47,2974.1360841245605,221.45112176157488,611.110277106179,20.17378284796693,174.29287011365244,20.694702580141488,0.19061095451671936,49.56893473540934,43.82294932802564,"overheating,oil_pressure_drop_gradual"
14.8,ENG_TELEM_48,2976.0152718836216,221.09061106995316,610.8175179019787,19.580263238532215,175.92087686841367,21.016191895589238,0.18634251391833942,49.600254531393695,43.93423932003587,"overheating,oil_pressure_drop_gradual"
14.9,ENG_TELEM_49,2932.3610943753774,218.22238749903642,604.0809384442574,18.929365426156764,173.75184605740802,20.317187997531228,0.2534556411344294,48.87268490625629,44.047234301783895,"overheating,oil_pressure_drop_gradual"
15.0,ENG_TELEM_50,5709.200463205867,277.46234722470376,777.1604184928381,26.515508997321387,229.52494332667823,38.58501080477031,0.44374391420250225,95.15334105343112,100.0,"overheating,oil_pressure_drop_gradual"
15.100000000000001,ENG_TELEM_51,5681.468667409028,277.2842349454571,781.8154021694736,26.036599510600674,233.96381784017427,39.70055312733874,0.4883616773234161,94.69114445681713,100.0,"overheating,oil_pressure_drop_gradual"
15.200000000000001,ENG_TELEM_52,5684.041681792822,277.79276173465485,782.8404644015388,25.794551215058792,234.59697911258957,38.62055094988503,0.5032603035803972,94.73402802988036,100.0,"overheating,oil_pressure_drop_gradual"
15.3,ENG_TELEM_53,5715.703929852423,276.0697410983488,788.7194910954212,25.182753925497398,230.78661488246843,38.74022639846644,0.5089406201051294,95.26173216420706,100.0,"overheating,oil_pressure_drop_gradual"
15.4,ENG_TELEM_54,5700.41732193191,277.7990404023623,785.1356142482554,25.022766368684323,229.99386204412514,38.9306649969333,0.49199174833405773,95.00695536553184,100.0,"overheating,oil_pressure_drop_gradual"
15.5,ENG_TELEM_55,5689.3168422451,277.7993473646811,785.0482858276009,23.978143140233357,231.75206219209895,38.808032533165374,0.4770497915417471,94.82194737075166,100.0,"overheating,oil_pressure_drop_gradual"
15.600000000000001,ENG_TELEM_56,5698.004824302917,279.12015890011867,784.0082359754928,23.713114084532826,233.477124582971,38.77859470699092,0.4624606325091294,94.96674707171528,100.0,"overheating,oil_pressure_drop_gradual"
15.700000000000001,ENG_TELEM_57,5730.095079727128,278.86602618902526,789.2595189010453,23.572229298646647,235.06202065473525,39.5220264919106,0.49762110493288964,95.5015846621188,100.0,"overheating,oil_pressure_drop_gradual"
15.8,ENG_TELEM_58,5738.612735542628,279.1194702887477,789.8070477404497,22.98373434863679,231.84922910259212,38.90825954373292,0.5056763601212005,95.64354559237714,100.0,"overheating,oil_pressure_drop_gradual"
15.9,ENG_TELEM_59,5716.129457545177,277.28926089480063,780.7524954503906,22.87469075231083,231.1064983672585,39.49301139333201,0.4775312068417744,95.26882429241961,100.0,"overheating,oil_pressure_drop_gradual"
16.0,ENG_TELEM_60,5696.31380277629,277.6025755436299,785.8718760403368,22.339562219944483,229.6978557644675,38.9917522097188,0.46897397069907626,94.93856337960483,100.0,"overheating,oil_pressure_drop_gradual"
16.1,ENG_TELEM_61,5735.486684365015,280.1016712348755,788.3879454342136,21.88467431705943,236.88595039606483,39.27251927786287,0.5000166323774479,95.59144473941691,100.0,"overheating,oil_pressure_drop_gradual"
16.2,ENG_TELEM_62,5718.960771832417,279.3794159314275,782.7904313929201,21.210891979526835,235.4975105646667,39.61953883769712,0.48275681306905505,95.31601286387361,100.0,"overheating,oil_pressure_drop_gradual"
16.3,ENG_TELEM_63,5756.4319791986745,282.1097240837588,787.9020183945096,21.30373829925024,237.5796645467632,39.39935794866406,0.47921304400038905,95.94053298664457,100.0,"overheating,oil_pressure_drop_gradual"
16.400000000000002,ENG_TELEM_64,5717.69164831564,279.0134040259387,789.0080966939871,21.021571139461066,235.2106969506166,39.46999557839928,0.4718478759904183,95.29486080526067,100.0,"overheating,oil_pressure_drop_gradual"
16.5,ENG_TELEM_65,5718.002742088978,277.9463084297615,788.6930715199225,20.759655179621404,236.25574663341078,39.535631950588595,0.49743827320197737,95.30004570148297,100.0,"overheating,oil_pressure_drop_gradual"
16.6,ENG_TELEM_66,5733.450201396234,278.2042857841199,796.3363702035093,20.232077402873465,234.9213285318848,38.886598849755366,0.4542594818051619,95.5575033566039,100.0,"overheating,oil_pressure_drop_gradual"
16.7,ENG_TELEM_67,5702.85625089001,281.2849599303045,787.0313185398819,19.537206139271316,235.66016118611614,38.88034176013362,0.5123234763989434,95.04760418150018,100.0,"overheating,oil_pressure_drop_gradual"
16.8,ENG_TELEM_68,5721.300253194891,283.8346300709568,791.7130111802132,19.441344549698982,238.20040933254535,39.10055284325644,0.47782605634160796,95.35500421991486,100.0,"overheating,oil_pressure_drop_gradual"
16.900000000000002,ENG_TELEM_69,5726.655523859469,280.63161520812594,783.3056590530998,19.85201943702431,234.62917490229455,39.44082319009377,0.4922440117391631,95.44425873099115,100.0,"overheating,oil_pressure_drop_gradual"
17.0,ENG_TELEM_70,5696.931684587791,279.67958470843297,789.0708314454472,19.197528221590293,234.3354093538667,38.91523430356641,0.45360452197146517,94.94886140979652,100.0,"overheating,oil_pressure_drop_gradual"
17.1,ENG_TELEM_71,5721.064548160751,277.55732921853945,789.6352900004488,19.158290479296877,233.47105383338535,39.51758882662586,0.4853160083186749,95.35107580267918,100.0,"overheating,oil_pressure_drop_gradual"
17.2,ENG_TELEM_72,5734.933987716271,276.73591334256844,785.9376383360212,18.63416878175473,232.95092252267582,39.03252685014413,0.5301448663082946,95.58223312860451,100.0,"overheating,oil_pressure_drop_gradual"
17.3,ENG_TELEM_73,5704.754524639658,282.4418116772388,790.2899635247926,18.469899302023105,237.73954842944778,38.91666424774715,0.4787625007282052,95.07924207732762,100.0,"overheating,oil_pressure_drop_gradual"
17.400000000000002,ENG_TELEM_74,5753.738999874385,283.2705988173367,793.7402459795182,19.05700556710575,235.63348167513644,39.18687512964819,0.4871026906647717,95.89564999790642,100.0,"overheating,oil_pressure_drop_gradual"
17.5,ENG_TELEM_75,5692.711525109939,282.66596205217286,787.9632974890808,18.49744516451248,234.51865243094997,39.07332745174378,0.47722753232716925,94.878525418499,100.0,"overheating,oil_pressure_drop_gradual"
17.6,ENG_TELEM_76,5669.141792709102,282.02938168427835,785.5837406789825,18.0543148524152,235.20884732431784,38.593042024774256,0.4767198743081366,94.48569654515171,100.0,"overheating,oil_pressure_drop_gradual"
17.7,ENG_TELEM_77,5720.869725222875,281.0222782368154,789.1626920263966,18.27935873317625,233.90971503706302,38.555554877569335,0.5199239892421625,95.34782875371458,100.0,"overheating,oil_pressure_drop_gradual"
17.8,ENG_TELEM_78,5693.872162608105,275.4962410793115,786.8145907224816,18.087383648469945,231.94496363514438,38.801272564549166,0.48653261761104855,94.89786937680175,100.0,"overheating,oil_pressure_drop_gradual"
17.900000000000002,ENG_TELEM_79,5736.964839766306,281.73744569788926,794.3057515371137,18.451484550072173,235.4968080607957,39.05166644432426,0.5159735985217374,95.61608066277176,100.0,"overheating,oil_pressure_drop_gradual"
18.0,ENG_TELEM_80,3171.21074375602,226.4569990320604,630.5495561718596,12.42772116683058,182.74504449834032,22.474646943341963,0.23884302828323223,52.85351239593366,47.38100359154746,"overheating,oil_pressure_drop_gradual"
18.1,ENG_TELEM_81,3145.874542220985,226.48224838341145,626.213021540117,14.038588972140554,181.85505026211894,21.726827922218142,0.201315428735619,52.43124237034975,47.45208173469352,"overheating,oil_pressure_drop_gradual"
18.2,ENG_TELEM_82,3138.7606707869086,232.48470683131825,629.1506508882877,15.409241760404328,187.03472109407252,21.799011005726463,0.19088883480879018,52.31267784644847,47.51923707014694,"overheating,oil_pressure_drop_gradual"
18.3,ENG_TELEM_83,3178.202341725903,230.8051784125603,627.2926705877833,16.524656415048533,183.1110314237952,22.615291382937567,0.21322451971149123,52.97003902876505,47.58236216369671,"overheating,oil_pressure_drop_gradual"
18.400000000000002,ENG_TELEM_84,3163.315866768678,228.84883978710423,628.9132852716548,17.30224407116286,180.8129667817371,22.043117094505003,0.19284630698848865,52.7219311128113,47.641356028659104,"overheating,oil_pressure_drop_gradual"
18.5,ENG_TELEM_85,3174.9698123287717,230.36596033112005,628.8182334704023,18.439263421611606,182.8356582553597,22.301138589521933,0.1849388841016293,52.91616353881286,47.696124287434884,"overheating,oil_pressure_drop_gradual"
18.6,ENG_TELEM_86,3108.1752314363775,225.66614270348197,629.4999235282949,19.724496810946174,178.3998937784158,21.76960038520525,0.21314354841552766,51.802920523939626,47.74657932249327,"overheating,oil_pressure_drop_gradual"
18.7,ENG_TELEM_87,3116.0137789892165,227.33242952562676,622.8674694112557,19.870388285513574,177.55655793175868,21.94488352265916,0.21396852441885536,51.93356298315361,47.79264041654134,"overheating,oil_pressure_drop_gradual"
18.8,ENG_TELEM_88,3156.0293622333174,230.07475719574887,626.1715805094594,21.476373128006326,180.77247675884163,22.0763946475522,0.23238879157073367,52.60048937055529,47.83423388165446,"overheating,oil_pressure_drop_gradual"
18.900000000000002,ENG_TELEM_89,3128.5719901153366,229.91563137844093,628.0552180672817,22.86761358125165,181.38170665648872,21.880017900071167,0.23464804375608195,52.14286650192228,47.87129317716125,"overheating,oil_pressure_drop_gradual"
19.0,ENG_TELEM_90,3127.4947303063373,227.92585067809415,628.792264456558,23.23806704762211,176.1051800202603,21.996185588255155,0.24122506432927837,52.12491217177229,47.90375901609446,"overheating,oil_pressure_drop_gradual"
19.1,ENG_TELEM_91,3183.513033062093,229.1666733938659,627.284885134402,23.43802444474128,177.66831798120438,21.745998665080695,0.2561435208832552,53.058550551034884,47.93157946003747,"overheating,oil_pressure_drop_gradual"
19.200000000000003,ENG_TELEM_92,3159.8740605357257,228.09312699939113,638.5051975392976,24.650223748011285,174.5510914637816,21.78982067028377,0.19887480822253029,52.66456767559543,47.95471000221468,"overheating,oil_pressure_drop_gradual"
19.3,ENG_TELEM_93,3146.2124924479417,229.443256492856,626.0784030897157,25.396816037622273,178.33371548504942,22.07319051380523,0.23295982364546225,52.436874874132364,47.97311363869287,"overheating,oil_pressure_drop_gradual"
19.400000000000002,ENG_TELEM_94,3143.6672313189056,229.16000508543013,628.9779379194486,26.703589428531636,176.73325293935378,21.752428723336713,0.2517362326924418,52.39445385531509,47.98676092757957,"overheating,oil_pressure_drop_gradual"
19.5,ENG_TELEM_95,3165.4724149893927,230.64360283378937,628.0408058049434,27.491709253231544,176.94101014911638,21.858514417258213,0.22745134779548545,52.757873583156545,47.99563003612381,"overheating,oil_pressure_drop_gradual"
19.6,ENG_TELEM_96,3127.3996887244234,227.56664586158928,635.2005454680392,27.364383041531397,174.51850511689833,21.950224645544775,0.1695212426840879,52.12332814540706,47.99970677564393,"overheating,oil_pressure_drop_gradual"
19.700000000000003,ENG_TELEM_97,3166.585643504845,231.55172666208594,623.5248293004827,28.662674683554872,180.16407616335061,22.43565269742992,0.22082333921948274,52.77642739174742,47.998984624226324,"overheating,oil_pressure_drop_gradual"
19.8,ENG_TELEM_98,3162.148440446205,234.21651025187634,632.0977231575415,29.415166528698858,183.1760568155609,22.22699036117736,0.2424902465579464,52.70247400743675,47.99346473715922,"overheating,oil_pressure_drop_gradual"
19.900000000000002,ENG_TELEM_99,3147.1058835812523,233.30509164112115,634.3793674858505,29.722968264156407,178.4285605517959,22.061310520899706,0.17636732348050235,52.451764726354206,47.98315594508442,"overheating,oil_pressure_drop_gradual"
20.0,ENG_TELEM_00,3142.9034819631465,229.09733905850655,630.3482988122009,30.061774177981157,174.81381363445033,22.243242158708302,0.21562254431420677,52.38172469938578,47.96807473987015,"overheating,oil_pressure_drop_gradual"
20.1,ENG_TELEM_01,3122.2114067427215,228.30695583056644,624.99196659879,31.541505313052436,171.06318985188977,21.73205198818226,0.2262151124403433,52.03685677904536,47.948245248227586,"overheating,oil_pressure_drop_gradual"
20.200000000000003,ENG_TELEM_02,3110.683947918847,226.79396309837588,622.2255952605916,32.074324665456174,172.8250358305566,21.8644905474644,0.19677263363034525,51.84473246531412,47.92369919311331,"overheating,oil_pressure_drop_gradual"
20.3,ENG_TELEM_03,3138.777756313918,225.76271524993382,630.164661414033,32.315664549425726,170.90705938051065,21.86488474818749,0.1916590137883998,52.31296260523197,47.894475842979276,"overheating,oil_pressure_drop_gradual"
20.400000000000002,ENG_TELEM_04,3135.480705795617,224.52237704604528,621.3733028254928,32.55548751198517,172.41502375915124,21.6127091712077,0.24437237156410688,52.25801176326028,47.860621948951724,"overheating,oil_pressure_drop_gradual"
20.5,ENG_TELEM_05,3149.138479601121,225.64914379375716,626.2870417767977,33.32797662698102,173.53472854569634,21.99929670732598,0.202512551267907,52.485641326685354,47.82219167003932,"overheating,oil_pressure_drop_gradual"
20.6,ENG_TELEM_06,3130.9999750645184,224.9139221064246,621.5178765660928,33.87077607406993,170.24137742280348,21.934056274003154,0.2399690468007866,52.18333291774197,47.7792464864903,"overheating,oil_pressure_drop_gradual"
20.700000000000003,ENG_TELEM_07,3133.0574779715694,222.41356689185972,623.6714210301109,34.30016598400462,170.07643550224336,22.206892075281157,0.21577516116016093,52.21762463285949,47.73185510143719,"overheating,oil_pressure_drop_gradual"
20.8,ENG_TELEM_08,3135.858230510825,223.51984666266156,622.6993533725152,35.44160625370149,170.47139833060632,22.119559883415494,0.23407468293886624,52.26430384184708,47.68009333098646,"overheating,oil_pressure_drop_gradual"
20.900000000000002,ENG_TELEM_09,3193.0217893892655,220.16803421093556,626.6093853170645,35.56384819921949,168.30962701363813,22.513811633145636,0.23122875266145712,53.21702982315443,47.624043982928896,"overheating,oil_pressure_drop_gradual"
21.0,ENG_TELEM_10,3123.4204657274004,220.32548213080372,618.5439870487223,36.40705168082081,169.13084116926962,21.612891272588154,0.21865532466221818,52.05700776212334,47.56379672426484,"overheating,oil_pressure_drop_gradual"
21.1,ENG_TELEM_11,3134.992897129329,220.00298540413684,615.2997753277361,35.84903693043518,167.2541863142163,21.900257224299285,0.2018792889044262,52.24988161882215,47.499447937756095,"overheating,oil_pressure_drop_gradual"
21.200000000000003,ENG_TELEM_12,3121.1831551890705,218.30044107165818,623.3530140390552,36.56396548235187,166.11997302078862,21.48905913540838,0.18324770494933965,52.01971925315117,47.43110056773406,"overheating,oil_pressure_drop_gradual"
21.3,ENG_TELEM_13,3140.485925369589,219.11399741621804,618.4909021087883,36.478584651243246,164.45733839903986,22.024232599720023,0.23923497170115168,52.34143208949315,47.35886395541078,"overheating,oil_pressure_drop_gradual"
21.400000000000002,ENG_TELEM_14,3127.75185974283,219.82588539202584,612.9630180141615,37.22900191161533,168.5315058282368,21.253644302101566,0.19203394038717525,52.129197662380506,47.282853663956324,"overheating,oil_pressure_drop_gradual"
21.5,ENG_TELEM_15,3114.4986837437723,218.7420384781714,605.6312569041747,38.08615046247597,167.0841190571047,21.09655393750133,0.21161312881820307,51.90831139572954,47.20319129362234,"overheating,oil_pressure_drop_gradual"
21.6,ENG_TELEM_16,3110.366716606418,215.57002521999271,605.7519424569001,38.277760621977784,168.16072560428992,21.711569298406193,0.21481375638263814,51.83944527677363,47.120004287207635,"overheating,oil_pressure_drop_gradual"
21.700000000000003,ENG_TELEM_17,3092.5740921616807,215.78223079189112,603.716961550742,38.23612315895396,162.60323448461259,21.741458995304882,0.19816351853126504,51.54290153602801,47.03342572617686,"overheating,oil_pressure_drop_gradual"
21.8,ENG_TELEM_18,3108.6629910625966,211.57864364815507,604.9970598111627,38.88751829656709,164.5626932361599,21.68709386504716,0.22476268831494553,51.81104985104328,46.94359411775855,"overheating,oil_pressure_drop_gradual"
21.900000000000002,ENG_TELEM_19,3123.138003112872,215.909712922876,610.5017708255212,39.33354366777466,167.72636727507796,21.821754115899083,0.22936641192838841,52.0523000518812,46.85065317336313,"overheating,oil_pressure_drop_gradual"
22.0,ENG_TELEM_20,3089.323096754007,212.67791922939125,599.2400558328009,39.643801905593406,164.83186998279564,21.800008594035873,0.2461476783559821,51.48871827923345,46.75475157867528,"overheating,oil_pressure_drop_gradual"
22.1,ENG_TELEM_21,3096.0947701943787,213.5505157643203,599.8831451707213,39.658732243836276,163.47483180111777,21.495871266117938,0.20548476983757497,51.60157950323965,46.6560427557886,"overheating,oil_pressure_drop_gradual"
22.200000000000003,ENG_TELEM_22,3037.6408509342805,208.24722692645327,597.5313923440243,39.192986621430585,158.29031062441143,21.34627533073145,0.1740018332002956,50.627347515571344,46.55468461776292,"overheating,oil_pressure_drop_gradual"
22.3,ENG_TELEM_23,3057.239411684581,213.00545709349342,599.1070175601766,40.14383826693474,162.30847628672734,21.047292633612813,0.21850862732876705,50.953990194743014,46.4508393159972,"overheating,oil_pressure_drop_gradual"
22.400000000000002,ENG_TELEM_24,3052.5189315735015,211.86396190390894,590.5677976372633,40.07752396110479,162.8528947238216,21.48865443493563,0.22342248618788693,50.87531552622502,46.344672980821755,"overheating,oil_pressure_drop_gradual"
22.5,ENG_TELEM_25,3054.131611485539,208.9515347481937,592.5413503682809,40.72612689755743,160.68890041907827,21.713309472163207,0.21142138236023422,50.902193524758985,46.23635545572527,"overheating,oil_pressure_drop_gradual"
22.6,ENG_TELEM_26,3058.1452410044394,208.2417542238731,597.2355877661565,40.558578534195824,159.0194315188419,21.547076911163238,0.23755479938612423,50.96908735007399,46.12606002564139,"overheating,oil_pressure_drop_gradual"
22.700000000000003,ENG_TELEM_27,3051.486438032165,208.11623101594756,592.6259550058844,40.97247020821624,162.02126434934507,21.288462282455292,0.22296879624787944,50.85810730053608,46.013963139729796,"overheating,oil_pressure_drop_gradual"
22.8,ENG_TELEM_28,3073.699184587795,207.06034596760196,596.9553429874502,41.78243317509404,161.06148655120563,21.315563544356138,0.23615872309919322,51.228319743129916,45.90024412909525,"overheating,oil_pressure_drop_gradual"
22.900000000000002,ENG_TELEM_29,3063.2689141670553,204.84324871597954,592.3794334494112,41.859851071923906,155.10116949874202,21.529739184230888,0.2154011581782989,51.054481902784254,45.78508491989598,"overheating,oil_pressure_drop_gradual"
23.0,ENG_TELEM_30,3047.387077271456,202.8487515666945,586.3225231841141,41.71345116272923,156.40673323105653,21.641261869510572,0.1659742858633298,50.78978462119093,45.668669742300736,"overheating,oil_pressure_drop_gradual"
23.1,ENG_TELEM_31,3034.5464174252843,205.2560349988151,591.5028511364002,41.89196678035935,159.81019987628457,21.213645469920802,0.194541870562272,50.575773623754735,45.55118483575975,"overheating,oil_pressure_drop_gradual"
23.200000000000003,ENG_TELEM_32,3001.596447673376,206.73666947637193,582.1736592764396,42.0264024368103,161.69254286771272,20.99690063042997,0.17155811504704682,50.02660746122294,45.43281815106137,"overheating,oil_pressure_drop_gradual"
23.3,ENG_TELEM_33,3018.8219143598,202.63130143237186,582.4504305093285,42.89455405162044,157.81834658549658,21.748515171344213,0.19993116432136504,50.313698572663334,45.313759049650905,"overheating,oil_pressure_drop_gradual"
23.400000000000002,ENG_TELEM_34,3003.2526098083126,202.4831053750802,588.2165837257297,42.26337566273918,156.1865539604907,20.78978328120205,0.2125177996191317,50.05421016347188,45.194198000692694,"overheating,oil_pressure_drop_gradual"
23.5,ENG_TELEM_35,3038.5901871782435,203.25189668208478,588.2118194709941,42.15092088109,157.35908660214122,21.554003271134185,0.20617272357789354,50.64316978630406,45.074326276360075,"overheating,oil_pressure_drop_gradual"
23.6,ENG_TELEM_36,3008.044764794142,201.72978741203556,578.9459093791236,42.929429424395735,156.8664812900088,20.637297727883894,0.1988456863743819,50.134079413235696,44.9543356458407,"overheating,oil_pressure_drop_gradual"
23.700000000000003,ENG_TELEM_37,2994.6842772965656,203.55844272897815,578.5173335940467,42.683551804815174,156.6218687390747,20.7200402278492,0.22465430669631983,49.91140462160943,44.83441806854677,"overheating,oil_pressure_drop_gradual"
23.8,ENG_TELEM_38,3032.7256804473577,201.19482287065182,589.960400699516,42.19794923196169,156.4543163009106,21.533723399533592,0.18599175695745285,50.54542800745596,44.71476538702091,"overheating,oil_pressure_drop_gradual"
23.900000000000002,ENG_TELEM_39,2978.7402769339656,201.68677934861034,579.7673942462036,42.38500852813128,160.0446258625514,21.372635589889114,0.1568895724192289,49.64567128223276,44.59556902002901,"overheating,oil_pressure_drop_gradual"
24.0,ENG_TELEM_40,5230.171164926647,242.92090566095163,723.6519534343748,57.73945126825817,200.57705741592306,35.70410212137705,0.40105478871119565,87.16951941544411,90.0,"overheating,oil_pressure_drop_gradual"
24.1,ENG_TELEM_41,5243.6344513569275,244.88090135081077,722.9138774998022,58.702508188358856,201.35495928202585,35.61176658161807,0.4416525730930179,87.39390752261546,90.0,"overheating,oil_pressure_drop_gradual"
24.200000000000003,ENG_TELEM_42,5222.55433676899,246.83257636597043,724.5342733726134,59.07344819773886,202.1900315420316,35.57119447257678,0.42379290088701704,87.04257227948317,90.0,"overheating,oil_pressure_drop_gradual"
24.3,ENG_TELEM_43,5274.280635799084,243.51273236696363,712.0655060348134,59.167825944239496,201.25551318267452,35.476720998136756,0.46261253691844056,87.90467726331806,90.0,"overheating,oil_pressure_drop_gradual"
24.400000000000002,ENG_TELEM_44,5232.2284389233655,242.0413692800042,713.0285119880066,60.04142622794554,201.26587317573257,36.016502858036745,0.4200331426105982,87.20380731538943,90.0,"overheating,oil_pressure_drop_gradual"
24.5,ENG_TELEM_45,5227.727491936987,244.88454232386022,719.735658881236,58.89468203611401,200.92850136894305,35.31868624628701,0.45039585614235794,87.1287915322831,90.0,"overheating,oil_pressure_drop_gradual"
24.6,ENG_TELEM_46,5181.625862443079,244.2084799443528,716.7589713037489,60.105890934775296,199.34818245550076,35.54955003318967,0.4243731607041263,86.36043104071798,90.0,"overheating,oil_pressure_drop_gradual"
24.700000000000003,ENG_TELEM_47,5224.114128109505,242.25428234134958,723.2274619987145,59.64428898643385,199.12021719893323,35.811220620186745,0.4505790493429251,87.06856880182508,90.0,"overheating,oil_pressure_drop_gradual"
24.8,ENG_TELEM_48,5235.621851070296,241.59160100779275,710.6064365824476,59.7031521628695,200.5916345712046,35.69999697039489,0.4609930872757184,87.26036418450492,90.0,"overheating,oil_pressure_drop_gradual"
24.900000000000002,ENG_TELEM_49,5220.589481293478,239.88414046912706,720.744530412893,60.33120489554545,196.9491622830015,36.00556880036804,0.421236987843045,87.00982468822463,90.0,"overheating,oil_pressure_drop_gradual"
25.0,ENG_TELEM_50,5231.2752861666995,239.66057654831906,709.3408937339117,59.99728218844426,199.04957879374427,35.99694596107358,0.4053660220784902,87.18792143611167,90.0,"overheating,oil_pressure_drop_gradual"
25.1,ENG_TELEM_51,5241.118980656471,243.30291344928983,717.1486653064777,60.69598694448982,200.62291424761366,35.637850365541766,0.42285298193917437,87.35198301094118,90.0,"overheating,oil_pressure_drop_gradual"
25.200000000000003,ENG_TELEM_52,5220.77191806649,241.8424999237024,720.0368855544399,60.85386699187692,201.51791262812003,35.572775480830614,0.44638672006993435,87.01286530110816,90.0,"overheating,oil_pressure_drop_gradual"
25.3,ENG_TELEM_53,5237.506448511165,242.32105022847819,710.934582227377,60.31286484992699,203.09518920181108,35.714474002818186,0.42356336788928445,87.29177414185276,90.0,"overheating,oil_pressure_drop_gradual"
25.400000000000002,ENG_TELEM_54,5229.542202339447,237.98156874328103,709.42987055051,60.935740012716856,198.57820410927621,35.76451527745564,0.4058447457786231,87.15903670565744,90.0,"overheating,oil_pressure_drop_gradual"
25.5,ENG_TELEM_55,5217.389934887758,236.54771907068877,711.5948277654891,60.54618304477129,197.7416010106253,36.026364840317925,0.4427879339593275,86.95649891479596,90.0,"overheating,oil_pressure_drop_gradual"
25.6,ENG_TELEM_56,5194.260295173955,237.33451448776754,709.7121661200669,61.04335927728325,198.36560868902617,35.53481553339785,0.4302577756616055,86.57100491956591,90.0,"overheating,oil_pressure_drop_gradual"
25.700000000000003,ENG_TELEM_57,5205.396390977288,238.5889709126499,709.9029368674757,60.9136514219646,198.2489181089565,35.8715539127165,0.39359026718976986,86.75660651628814,90.0,"overheating,oil_pressure_drop_gradual"
25.8,ENG_TELEM_58,5245.000187157747,238.82286302731004,706.0149896085708,61.19601370912412,199.44009273623374,35.72194744473142,0.4361694246955102,87.41666978596245,90.0,"overheating,oil_pressure_drop_gradual"
25.900000000000002,ENG_TELEM_59,5203.727699412105,237.14763703187558,708.5011564923282,62.04736454797965,196.06325751310314,35.88816400242814,0.4278130008815266,86.72879499020175,90.0,"overheating,oil_pressure_drop_gradual"
26.0,ENG_TELEM_60,2893.5449402727404,189.11728594723084,562.2302422484097,44.83684359931475,148.93483496513056,20.160137016283507,0.2026503599113259,48.225749004545676,42.51652059274304,"overheating,oil_pressure_drop_gradual"
26.1,ENG_TELEM_61,2882.314615499061,188.93717099502496,554.9166810183458,45.20674541491685,151.2693016951407,20.74439292011174,0.2154730133791934,48.03857692498435,42.45120695054741,"overheating,oil_pressure_drop_gradual"
26.200000000000003,ENG_TELEM_62,2892.349760685475,186.42092974998326,559.8738051822809,44.509892024433555,149.12353596064338,20.224919372409328,0.1992853305134771,48.205829344757916,42.38997083351738,"overheating,oil_pressure_drop_gradual"
26.3,ENG_TELEM_63,2869.293775331481,187.85964890574255,558.0362634911214,45.63018971854142,149.01197419764924,19.814736557913058,0.18735729262346767,47.82156292219135,42.3329102063772,"overheating,oil_pressure_drop_gradual"
26.400000000000002,ENG_TELEM_64,2854.552111545845,188.01423470091711,557.0840758397868,45.1456099604895,148.9252237409051,20.192375350303777,0.19507991395115065,47.575868525764086,42.28011635395801,"overheating,oil_pressure_drop_gradual"
26.5,ENG_TELEM_65,2887.1640784317415,185.85922938067108,558.9210076670454,45.96483478366451,147.59978000546485,20.142081900573867,0.16897292850116286,48.119401307195695,42.23167373516158,"overheating,oil_pressure_drop_gradual"
26.6,ENG_TELEM_66,2884.4024797268485,188.61652975286083,559.8465947623777,45.57443963991461,149.52362033391384,20.224098913390872,0.18653440178599312,48.07337466211414,42.18765984784412,"overheating,oil_pressure_drop_gradual"
26.700000000000003,ENG_TELEM_67,2851.7739310028373,185.617787934987,555.1683213278875,45.40529701096928,148.44259933163488,19.93624945507428,0.15657143835860507,47.52956551671396,42.14814510483621,"overheating,oil_pressure_drop_gradual"
26.8,ENG_TELEM_68,2860.4025597675495,182.0588830937123,555.61771521937,45.63016415025808,143.58560385697288,20.08962816964072,0.20900803543258425,47.67337599612583,42.113192721297295,"overheating,oil_pressure_drop_gradual"
26.900000000000002,ENG_TELEM_69,2860.023319855377,185.81876875305534,554.3073433740843,45.2688163421095,149.86611799858946,19.98983333511424,0.22160956804076007,47.66705533092295,42.08285861358493,"overheating,oil_pressure_drop_gradual"
27.0,ENG_TELEM_70,2877.0316862264253,185.3922196479089,554.9530144103096,45.60982181559621,148.0670910197278,20.031290177810977,0.1935282938685256,47.950528103773756,42.05719130980052,"overheating,oil_pressure_drop_gradual"
27.1,ENG_TELEM_71,2872.978371433426,184.66404949382428,552.3390955469339,45.79058992159861,147.78609591302578,20.093026124705798,0.20987542832241243,47.88297285722377,42.03623187215473,"overheating,oil_pressure_drop_gradual"
27.200000000000003,ENG_TELEM_72,2867.2286734213376,182.14700538211008,549.876671578933,45.50951241371518,146.40967732220437,20.026589309596538,0.19670705488532217,47.787144557022295,42.02001383127668,"overheating,oil_pressure_drop_gradual"
27.3,ENG_TELEM_73,2875.8780925098927,182.75757037495896,551.8428862891675,45.23353884233496,149.38104090642253,20.17641259290843,0.24392979556933428,47.931301541831544,42.00856313257211,"overheating,oil_pressure_drop_gradual"
27.400000000000002,ENG_TELEM_74,2869.8100867067424,181.8674696133454,554.7638726240227,45.83964701480238,147.84630936487346,19.841259284732907,0.19373181126027872,47.83016811177904,42.00189809471625,"overheating,oil_pressure_drop_gradual"
27.5,ENG_TELEM_75,2891.951814939976,181.6046685685528,550.0656106174688,46.709737883916354,146.94928286374312,19.931414742390107,0.1985701225442281,48.19919691566626,42.00002938034789,"overheating,oil_pressure_drop_gradual"
27.6,ENG_TELEM_76,2829.583052924192,182.4338640349904,540.9257917337499,46.17712601344627,147.3746502018383,20.003133276983686,0.20851938201362005,47.15971754873654,42.00295997901137,"overheating,oil_pressure_drop_gradual"
27.700000000000003,ENG_TELEM_77,2864.375774584933,182.82846682729206,553.5005538925689,45.92886384592292,145.57956992823028,20.65394822129714,0.18053441554796318,47.73959624308222,42.01068520237399,"overheating,oil_pressure_drop_gradual"
27.8,ENG_TELEM_78,2882.6884902466554,183.10582664656576,552.3396493228854,46.031001499252504,148.10117067680022,19.99259289185613,0.17235755307091635,48.04480817077759,42.023192691726344,"overheating,oil_pressure_drop_gradual"
27.900000000000002,ENG_TELEM_79,2854.3058029587532,181.57889741057053,549.9099849103245,46.390208690945634,144.91507234051136,19.579204058665933,0.2127128190483914,47.57176338264589,42.04046243775357,"overheating,oil_pressure_drop_gradual"
28.0,ENG_TELEM_80,2852.205982731314,182.07068059151098,546.2368673524021,45.42604008745985,147.1635406850736,19.908786962377896,0.1636148079824645,47.53676637885523,42.06246681254605,"overheating,oil_pressure_drop_gradual"
28.1,ENG_TELEM_81,2874.7801833701287,179.62770531400105,546.5149402268186,46.244468823957405,146.33401890146447,19.93016102125606,0.20245001264005558,47.91300305616881,42.08917061379813,"overheating,oil_pressure_drop_gradual"
28.200000000000003,ENG_TELEM_82,2908.4997090738307,178.37166849280112,545.276592864765,46.87703873477745,145.89585980295578,20.24064288488535,0.2242271243145789,48.47499515123051,42.120531121124316,"overheating,oil_pressure_drop_gradual"
28.3,ENG_TELEM_83,2850.631345880735,180.78093380608064,544.3367676430955,45.42326075466743,146.94982224672262,19.883624968205087,0.22827401338746026,47.510522431345585,42.15649816440277,"overheating,oil_pressure_drop_gradual"
28.400000000000002,ENG_TELEM_84,2859.4170992697195,178.90335564198946,549.0479338464777,45.612275029707206,146.87311985154025,19.97057195086628,0.2040702862674755,47.65695165449532,42.197014204036805,"overheating,oil_pressure_drop_gradual"
28.5,ENG_TELEM_85,2852.65935210108,177.44251742389744,542.0773019416222,47.01204570872229,146.00542153982104,19.97463683065193,0.21450068299273162,47.544322535018,42.24201442300597,"overheating,oil_pressure_drop_gradual"
28.6,ENG_TELEM_86,2837.6704724759843,179.60435540138792,545.5266501752869,45.985943058612975,146.36124764433603,19.83913034213749,0.22866236191502645,47.29450787459974,42.29142683055945,"overheating,oil_pressure_drop_gradual"
28.700000000000003,ENG_TELEM_87,2893.3478940009004,178.19537782431266,544.1110964995559,46.544149879841804,143.55390926752318,20.73299363301079,0.21835649650566535,48.222464900015005,42.345172377385914,"overheating,oil_pressure_drop_gradual"
28.8,ENG_TELEM_88,2884.303611911113,179.2018410771811,538.433883349068,46.41943077373121,144.91041340015764,20.6292891195765,0.17504193612492727,48.07172686518522,42.40316508207553,"overheating,oil_pressure_drop_gradual"
28.900000000000002,ENG_TELEM_89,2901.8138964651025,179.12529855022893,546.4791915159494,47.03516237342033,145.90380076748042,20.423843157814773,0.18362230458992643,48.363564941085045,42.46531216867192,"overheating,oil_pressure_drop_gradual"
29.0,ENG_TELEM_90,2830.7007826257454,175.03285560002496,549.9845579866101,45.35852738944271,141.8869429854728,20.099147373851977,0.18787340326706328,47.17834637709576,42.53151421509388,"overheating,oil_pressure_drop_gradual"
29.1,ENG_TELEM_91,2906.05535865199,176.6415839456211,544.2051711195776,46.120182666627365,144.2150122674262,20.314682351402368,0.22667297102722803,48.43425597753317,42.60166531218946,"overheating,oil_pressure_drop_gradual"
29.200000000000003,ENG_TELEM_92,2869.0957864465026,178.2471671293295,544.4632087506868,46.805778055927064,143.87167148235343,19.93673884409334,0.16984329727427994,47.81826310744171,42.675653233168106,"overheating,oil_pressure_drop_gradual"
29.3,ENG_TELEM_93,2878.844893917781,176.6719894835816,541.9592527347578,46.652274332847554,145.5695139250855,19.783468735147117,0.1698636606356694,47.98074823196302,42.75335961313947,"overheating,oil_pressure_drop_gradual"
29.400000000000002,ENG_TELEM_94,2912.6150702571845,178.8382636253402,541.5342076450088,46.46503191248099,147.65831341060027,20.19207874827439,0.1815429724702707,48.54358450428641,42.8346601384721,"overheating,oil_pressure_drop_gradual"
29.5,ENG_TELEM_95,2919.2616027175477,177.58512758536745,551.5484326546214,46.901622354371376,146.04352861511367,20.56350534273841,0.1855036259928184,48.654360045292464,42.919424745668636,"overheating,oil_pressure_drop_gradual"
29.6,ENG_TELEM_96,2907.8031940890887,176.74118254338055,543.5729457038688,46.194777230870606,145.43706560785327,20.82646561018731,0.21485980425137452,48.46338656815148,43.00751782943972,"overheating,oil_pressure_drop_gradual"
29.700000000000003,ENG_TELEM_97,2902.908279223546,178.54091916063993,544.6752165908084,47.33484691766238,146.60893604554016,20.198665191602032,0.2101841862790914,48.381804653725766,43.098798459643504,"overheating,oil_pressure_drop_gradual"
29.8,ENG_TELEM_98,2910.133034613388,177.64146654569595,544.6131099391081,46.84990411749499,147.12611003423675,20.49214063098109,0.1898249772010696,48.50221724355647,43.19312060674383,"overheating,oil_pressure_drop_gradual"
29.900000000000002,ENG_TELEM_99,2925.6724957017027,178.64341137561422,547.7075444075269,46.736238087415046,146.21927076545737,20.162898981725757,0.18202426330915938,48.761208261695046,43.29033337542632,"overheating,oil_pressure_drop_gradual"
