timestamp,rpm,throttle,oil_pressure,oil_temp,cht,egt,vibration,fuel_flow,fault_type,fault_active
0.0,2645.25752646256,45.0,43.07800109499878,146.60110812315028,166.74174154511883,517.5412980160322,0.1853811218960286,17.145265398844607,none,0
0.1,2688.131691172237,45.1199680025599,42.82867297612173,148.43467383617465,169.66965170942888,520.2201809400318,0.1953373403443496,17.72262023941663,none,0
0.2,2674.5927928127894,45.23974408190752,43.00612618093653,146.87319221123684,166.5902519469376,514.39953847483,0.1851434504197488,17.244091448409723,none,0
0.3,2652.669494854502,45.35913662186676,42.78478621934477,146.8194017048472,165.73770226632416,516.1999601684779,0.1570522964311015,17.169512541802728,none,0
0.4,2672.29603068641,45.47795461984274,43.1794587209702,147.72957990588102,167.53459276570433,519.4291606855317,0.1744848766384302,16.88729941769093,none,0
0.5,2678.068984489212,45.59600799238518,43.34180224026407,149.41532241243598,169.29934622266123,518.3709208476714,0.1979944551677002,17.961750017539508,none,0
0.6000000000000001,2652.305220650244,45.7131078792814,43.1362105386434,147.60842400229194,167.5086871460955,520.1628506208918,0.2000367117466877,17.134018196462264,none,0
0.7000000000000001,2685.990036917199,45.82906694569234,43.38323341433364,148.75357321579696,168.3219899782687,524.1081600630977,0.1918634571082737,17.0260330926915,none,0
0.8,2698.0505926019464,45.94369968184835,42.975542838910016,146.25353591073295,166.44954779801057,521.7781083025644,0.2109802876847864,17.34667599808256,none,0
0.9,2712.545474995996,46.05682269982527,43.47767042064781,149.45409133307604,170.9639872276336,522.4886453072891,0.2125612190859348,17.407062816932747,none,0
1.0,2672.3868859647864,46.16825502692595,43.07786315967451,145.99644143879175,167.6460143587438,515.9377076247345,0.1875091913561119,17.499084248935816,none,0
1.1,2712.838589731259,46.277818395198,43.21284474044307,145.58915453055232,167.56449757277423,524.7604187355208,0.2306032975752759,17.614705539654715,none,0
1.2000000000000002,2727.096231439973,46.38533752662445,43.51880710998698,151.13460434305068,170.85684318916276,524.1250918960353,0.2099104304199943,17.93378770581493,none,0
1.3,2676.090718646042,46.49064041353121,42.77277793247861,148.65284466880672,168.24295038876988,519.005104326412,0.1829790248059638,17.664001314921176,none,0
1.4,2695.275052751938,46.59355859376265,43.36814674491594,147.85529938077923,167.23458656948708,522.4953934485908,0.2057282993836948,17.601257316695417,none,0
1.5,2715.5344565916607,46.69392742018511,43.93788460403406,148.04478516833046,169.10721201387938,518.7302286207042,0.1591808687561762,17.063406942214133,none,0
1.6,2729.404349968101,46.79158632408718,43.23248988031525,151.4908309698435,170.2888089051654,522.1724447580461,0.1785754532403303,18.01459695882472,none,0
1.7000000000000002,2708.0700929494647,46.886379072055405,43.58468802999448,149.74835293033564,169.70832070238015,519.9437807099308,0.2028606860055726,17.512686532253433,none,0
1.8,2727.8465525393995,46.97815401591442,43.62419189309227,147.0322931162305,167.74343038855807,521.7036560185328,0.1825307309319069,17.768010309153606,none,0
1.9,2724.465840320413,47.066764335331655,43.30971669952768,149.81338307314664,169.09033138429086,520.9469817508036,0.1828869686353391,17.55513422788859,none,0
2.0,2760.452617966429,47.15206827269857,43.32021045191386,152.12943388724395,172.30382533927838,523.9374338796711,0.2184952637860236,17.669634935951336,none,0
2.1,2791.8652705150803,47.23392935991258,43.77106272454398,150.81126494102014,170.69357921948358,521.603836341083,0.2119906117197307,17.955288220412363,none,0
2.2,2769.8445922661426,47.31221663669691,43.093301860864976,151.52914639597563,171.53821454024185,524.3145443346014,0.1756040849976405,17.523601473251972,none,0
2.3000000000000003,2686.9587349185254,47.386804860109095,43.5249658345891,149.8846211422686,168.88421010473755,515.9872718402102,0.1812904495592278,18.04029497521924,none,0
2.4000000000000004,2741.100060447382,47.457574704903,43.57476092989513,147.94570504854585,168.93670149624782,523.6953694301029,0.1708655215428832,17.424433694051732,none,0
2.5,2733.710771427963,47.52441295442369,42.66613363571788,149.01128925770283,169.17071840567527,531.056246392017,0.1858408373594045,17.433121409653495,none,0
2.6,2746.245028163627,47.587212681730016,43.12040697612336,149.39694283655692,170.77567190370726,525.1172329615788,0.195978221656119,17.913303985708176,none,0
2.7,2756.069953481973,47.64587342065485,44.09493948442068,150.31272607297527,170.9025873056241,524.1069031450198,0.1810294169513784,17.746657319391346,none,0
2.8000000000000003,2752.34741823798,47.70030132652951,43.63329437200008,148.44687101982504,170.17821558423572,524.1339817182935,0.196718713817955,17.63280978955393,none,0
2.9000000000000004,2775.933832451649,47.7504093263153,43.94678588287045,152.072486989184,170.82633275710276,527.9026019636101,0.1870232543241605,17.625732439925134,none,0
3.0,2762.4264750227576,47.79611725790168,43.7090819475498,145.7566931342418,168.3734101190025,526.7490515375628,0.1574895736817076,17.4348215085664,none,0
3.1,2756.1023911825714,47.837351998348616,43.98214928114155,149.47391280625405,168.00750141572857,524.1703035381445,0.2316274593596169,18.354559759701537,none,0
3.2,2735.762096268346,47.87404758086768,43.01449791578362,149.0139040665902,167.4604787258807,525.6354819807799,0.2127038399458326,17.486095878797403,none,0
3.3000000000000003,2805.7835025435324,47.9061453003548,44.240367452751656,151.33923582983633,172.09957121981589,527.9733584214359,0.194755458995513,17.901388788026146,none,0
3.4000000000000004,2753.9512130418507,47.93359380730595,42.907165645026105,147.40896483213294,168.82198796837568,522.991305787218,0.1608864980799936,18.004282262862734,none,0
3.5,2768.189254525828,47.95634918996538,43.84159405802978,152.87539418408898,172.44283075709802,524.7313408555996,0.2230682427384471,17.775600627030414,none,0
3.6,2767.0797655326505,47.97437504457506,43.91465352349334,148.31924690498002,168.56120319932995,522.9475563360917,0.1917216904503683,18.057108774888963,none,0
3.7,2772.181999499753,47.98764253361292,43.54133761252985,149.33658292199783,169.63319923230608,525.7285821377279,0.2247616643896721,18.57192414007262,none,0
3.8,2770.189789068245,47.99613043192675,43.83673500838895,151.73290843203975,171.64295796474093,525.6648117653696,0.1845653098015127,17.651398091179814,none,0
3.9,2771.050829634325,47.9998251606899,43.6079563531932,152.28046529694242,172.18125296535072,521.34194378568,0.1767496825907868,17.777938021161905,none,0
4.0,2828.478901578848,47.998720809124514,44.15879642820746,149.99819456813725,169.8708962265788,525.038164819387,0.2233814929657041,18.25328799501479,none,0
4.1000000000000005,2773.42255126595,47.99281914395752,43.78400936119454,148.66101960784374,168.95090691649634,524.0951328495523,0.2091084007237676,18.26382783443537,none,0
4.2,2772.2455767720103,47.98212960659423,43.6990793995614,149.44898325235752,169.98631429528186,519.3682560654877,0.2075393454733587,17.84359427088339,none,0
4.3,2736.3763130463403,47.9666692980141,43.72118305844312,147.5753163880727,167.17838000585334,521.4471697025745,0.2083445598128374,17.939555139811482,none,0
4.4,2758.8706309566373,47.946462951412855,43.928256660234446,147.2277179449586,168.16335985403842,523.4411436698169,0.2143321756998668,17.51741259981369,none,0
4.5,2764.025095090933,47.92154289263458,43.88938511936388,146.52887040404306,168.8772354956701,524.8608154925266,0.1833700598953713,17.983569205480492,none,0
4.6000000000000005,2753.976421268291,47.891948988457344,43.829081467211175,146.3232999233562,167.66461477485765,530.4778083845251,0.1825482838960385,18.02083990667564,none,0
4.7,2750.504124794847,47.85772858281479,43.99291318596648,151.5093797336206,171.00355096162724,528.7692985341885,0.2258664645675072,17.494741492081808,none,0
4.800000000000001,2759.815219552258,47.81893642105597,43.70221514726489,148.68626834463504,169.28616029779258,526.5508518527125,0.1619034787971399,17.6107917564348,none,0
4.9,2748.7074824309884,47.7756345623645,43.48601864375981,148.1343510533308,168.81148141717708,521.8443386169114,0.1683414081081992,17.850257016571824,none,0
5.0,4779.297206782783,95.0,57.920854651220544,191.7575826124019,212.27598110964016,658.8443764489122,0.3724155809874246,29.39339841935541,none,0
5.1000000000000005,4805.645978376225,95.0,58.151850741475904,190.75011776254829,211.9828055224702,657.9217473901062,0.3734004347369566,30.28095255098796,none,0
5.2,4813.20488546286,95.0,58.77546093291158,192.9795367826684,211.8142524441272,661.408239659867,0.3980501968687904,30.49374491744869,none,0
5.300000000000001,4818.079136580334,95.0,58.141352307195525,191.13375313436092,212.2850855229763,662.3130274585975,0.3555404558098482,30.37189401731521,none,0
5.4,4798.923652940663,95.0,58.09136337710842,191.1173088426964,212.30700825047617,662.7977020802623,0.4074850716609483,30.207755003364863,none,0
5.5,4801.921233474739,95.0,57.692384220801934,190.44973243913685,211.04455183547128,657.5249923070999,0.4067447957940304,30.466547865860687,none,0
5.6000000000000005,4797.09565815284,95.0,57.82062600354977,189.91913047937555,210.4275614738389,657.317435479354,0.3747790225436813,30.579796612671743,none,0
5.7,4803.718631335337,95.0,58.54100678639821,193.3313545038229,212.72859597338,658.5105604639904,0.3810730645544291,30.215660713735133,none,0
5.800000000000001,4763.052185572609,95.0,58.11143265686524,192.87150265285516,211.86940967201775,659.5383309818315,0.3401975002448167,29.746939006181947,none,0
5.9,4778.536235730294,95.0,57.43601467250387,192.6568322424516,212.19004386179452,655.4896747320204,0.385590145463507,30.146098409301956,none,0
6.0,4827.370849652428,95.0,58.6053553150777,191.6733901306389,211.30802578979615,660.0702841612688,0.4095900830944762,30.75715670112765,none,0
6.1000000000000005,4808.7377149462445,95.0,57.67906209264109,193.55942877627265,214.10938603033225,660.1411942137001,0.3593934396344325,30.18460631484968,none,0
6.2,4810.192530015936,95.0,57.69886511643583,194.70216743803184,214.6524476583988,662.3533880273112,0.3834756062750085,30.15772299978985,none,0
6.300000000000001,4782.107528636011,95.0,57.56706298007663,193.024317453178,213.1020464445049,659.6505862416157,0.3515720240687945,30.14993393869145,none,0
6.4,4804.110452919473,95.0,57.87088481901306,195.82710661255817,215.18430984629856,658.1465341645519,0.3924964831067666,29.95918025764225,none,0
6.5,4800.709161683583,95.0,57.69676015490533,190.37355705315775,210.48137043951343,659.9859065811029,0.3772621524813262,30.260746141612746,none,0
6.6000000000000005,4793.916527732682,95.0,57.60764327849366,192.3614435315195,211.60882752221843,661.5410428960137,0.3693211161993723,30.003536962956,none,0
6.7,4777.108669563955,95.0,57.6427924815872,192.8460058499219,213.96011451374216,656.3040920636184,0.3698944749307927,29.995652461443644,none,0
6.800000000000001,4808.500620598523,95.0,58.40156436325275,191.2481107851104,211.90843163422045,656.4324843493315,0.3748647025235659,30.80995127403149,none,0
6.9,4781.478385403026,95.0,57.63349441413517,192.9733200816493,212.55558764339196,666.4216920043453,0.3827589989872285,29.830517532389763,none,0
7.0,4843.529678657495,95.0,58.13376836447186,189.38058526813663,211.2374240196795,662.306281194893,0.3899864407593928,30.61326226907146,none,0
7.1000000000000005,4835.878531761153,95.0,57.79406812841502,189.9670055452403,210.99175832640293,662.726573509619,0.3732872236280138,30.252086361254623,none,0
7.2,4781.135847121946,95.0,57.60159468492416,191.0049498031922,210.42667500160397,656.8146703416622,0.365723704507042,30.20351930606459,none,0
7.300000000000001,4789.219190098863,95.0,57.94837064880818,189.97740274741372,211.43896086681613,656.1211159526573,0.36553856845396,30.413435384378168,none,0
7.4,4783.611254522613,95.0,57.29140426638914,193.4867491502123,212.87434068884636,658.6585920788184,0.3881036984563634,30.54964752319365,none,0
7.5,4832.707961932108,95.0,58.27930047522391,192.70844142846548,213.18531837040803,655.7750354637745,0.3642153688768792,30.415974801419186,none,0
7.6,4777.239597849649,95.0,57.6949259923917,189.6252369232217,209.48711126178785,660.0138155372379,0.3793408406220215,30.81503488396259,none,0
7.7,4797.518089801523,95.0,57.8364720676232,194.74145824596803,215.81846067104908,662.3608419564054,0.3790439873783686,30.031078573080578,none,0
7.800000000000001,4814.420401720558,95.0,57.8272619979291,194.08383851576065,214.2691440987685,660.7224252560586,0.3861894998509692,30.066083256206458,none,0
7.9,4817.662487116861,95.0,57.753136142401736,194.2839165758768,212.997740435066,658.5312055683748,0.3372049054196709,30.292800476070703,none,0
8.0,2643.797902325636,44.82487756971726,42.63717806316116,148.94456435589333,168.1163405330644,520.5349259016178,0.1742691977283745,17.453566124865848,none,0
8.1,2633.854927108809,44.70525421876467,42.88309614287259,151.36691958632647,170.54323704693886,517.8043327803359,0.1985039637872113,17.006006770198393,none,0
8.200000000000001,2624.122609426734,44.58610239818632,43.19519370834233,146.32030565726927,166.96030524220689,517.3808558507634,0.1787268581151531,16.81208779302409,none,0
8.3,2584.252627347371,44.467612725477416,42.51033214114623,147.46865045527505,167.16864241578332,516.8957654557611,0.1815690464700738,16.799250374772313,none,0
8.4,2628.669004237132,44.34997475883786,42.79426792854482,144.23995071517555,165.0199121689933,512.6302296252088,0.1616773533510734,16.355876481854303,none,0
8.5,2622.1109329533324,44.2333766939195,42.413855854594665,150.70182005111175,170.08474913864393,510.5742242375737,0.1747447868165559,16.37155363570722,none,0
8.6,2621.18220398795,44.1180050627533,42.7652463753563,147.71099769562568,168.54262917009507,512.9066348068737,0.2035962021784169,16.84514756589674,none,0
8.700000000000001,2583.175703163782,44.0040444353378,42.78456446240091,147.70594235802528,167.08851029303568,516.0047726509412,0.205707952470396,16.425366145682133,none,0
8.8,2560.1660564943163,43.891677124366566,41.66140766415965,145.54792972277562,165.9817550742622,516.5295779646243,0.190513042697331,16.10956735092368,none,0
8.9,2563.198900666609,43.78108289356675,42.49184095248975,147.09043811222716,167.1112632370505,508.4067289997342,0.1883348664425586,17.077799709370467,none,0
9.0,2583.597803522359,43.67243867011544,42.17438083411479,144.187168183034,164.52414338862735,515.3642456170605,0.1524724323348129,16.789804034264424,none,0
9.1,2586.37372181393,43.56591826159397,42.37310492276928,149.42989977031115,169.0634920107058,510.8537857572115,0.1678426845512358,16.955965437261213,none,0
9.2,2612.429482175819,43.46169207793282,42.728750088736646,148.2230391389624,166.56311028027775,516.0318439763969,0.168167888225424,16.779783880676682,none,0
9.3,2608.672607394271,43.359926858792136,42.58367686808152,146.35191311567337,165.2669062648666,513.2184314732228,0.1687723936558668,16.64631833901426,none,0
9.4,2564.319859265728,43.26078540681377,41.98664968291799,147.80417425421,166.83135148470575,510.0206794233783,0.1810376525373692,16.52226909673927,none,0
9.5,2524.3192183428546,43.16442632717184,42.57237794156619,144.1101723577169,163.61878973164374,507.9760068955709,0.1811939604986213,16.353632721559322,none,0
9.6,2556.655024667475,43.07100377383827,42.032695161461206,146.13468081120072,165.37059848746912,507.4531179680169,0.1808031665118618,16.491758816356214,none,0
9.7,2561.498497895796,42.98066720296932,42.158761797952096,142.9509383642842,164.54145486061876,511.4871326317791,0.1635993831865588,17.24139157071175,none,0
9.8,2554.0253613322907,42.89356113380758,42.43496522928606,145.2488841170965,165.63196616700074,512.3790943370456,0.1802746928658372,16.617099846647516,none,0
9.9,2571.030284866708,42.8098249174821,42.734890211030994,145.13768937965142,166.16279957248443,505.3677886623252,0.1819393409184985,16.566586377364924,none,0
10.0,2517.2150825926697,42.72959251407622,42.122565291620006,148.6138046894516,167.91281222157934,512.4125902063367,0.1983025733933211,16.327178967326432,none,0
10.1,2524.6126617195378,42.65299227832004,41.99375648456844,145.03964665329443,164.2215436173606,512.0503141199343,0.1752875814910817,16.742426282071417,none,0
10.2,2564.7918946700265,42.58014675425028,42.0370533771071,145.6126013986446,165.6548350491248,518.7011232975975,0.1949305249475653,16.17875595527831,none,0
10.3,2524.842928161808,42.511172479165886,41.873748790741466,145.88107542799344,166.02442284909603,505.7476577385441,0.1989514961748255,15.67828930874141,none,0
10.4,2529.681266038512,42.44617979719328,42.1915894676989,139.9127248395286,162.26899321152632,512.1748387630812,0.2004787187282529,16.90270504753262,none,0
10.5,2548.342949206297,42.38527268275924,42.21490273441373,144.66468700283812,164.64506716511397,514.7466446683466,0.1713637902735852,16.335606380722073,none,0
10.6,2492.957876788078,42.32854857425404,42.0306542930476,144.13495378053034,162.73990826031454,509.4463936176143,0.1586538567643585,16.966730494442817,none,0
10.7,2512.7223279417385,42.27609821815079,42.043721664056186,144.19694741961416,162.91473144450265,510.1406576198171,0.1911463785309725,16.22043839506434,none,0
10.8,2515.109449204838,42.22800552383043,41.734707540896906,143.9086192784605,163.77781204212835,507.09634221502506,0.2091664260351522,16.445971114992282,none,0
10.9,2491.465048267431,42.18434742934468,42.1044900020522,142.01900481740216,162.2463587307636,506.6976825256128,0.1738813230020132,16.25012409072405,none,0
11.0,2553.5174263572912,42.14519377833145,42.17699266234226,145.0316813739098,164.50115267551436,514.0773257747602,0.202453477955722,16.744109732564944,none,0
11.1,2491.612983856194,42.11060720828005,41.76111846394713,146.41748976509808,165.88982891378708,511.76090653621145,0.1615138593503503,16.1126734151733,none,0
11.2,2523.649442695927,42.08064305032448,41.29550802822101,145.68897699544675,163.77729477866853,512.7342074219592,0.1773933102808969,16.039148820494617,none,0
11.3,2495.2447925454035,42.055349240725455,41.72456289548728,143.7158403042605,164.7199394886699,501.1646215666299,0.1614523616458602,16.219014383917624,none,0
11.4,2516.135946631201,42.034766244182606,41.77455961580482,141.8800860099772,163.88886959597906,511.6826500429813,0.1858486449759206,16.4570275554044,none,0
11.5,2489.103554404093,42.0189269890996,41.236267436503134,146.91371662863068,164.64990345915766,510.0972497528045,0.153180480996508,16.72464899326499,none,0
11.6,2511.3835962009643,42.00785681490572,41.761057199302,143.6300497918105,163.86231379774262,506.5256045287844,0.1692173730598169,15.88310986556692,none,0
11.7,2496.207181531361,42.00157343151815,42.09309072352321,144.54211155528313,164.9711526567997,506.3212580829328,0.1729326925653689,15.905411495530789,none,0
11.8,2467.7051818060845,42.00008689100993,41.331079832945335,144.80016946227724,165.50616578373894,507.31250499136166,0.1712102333637586,16.5354666577889,none,0
11.9,2529.926799037502,42.00339957152876,42.234374648257486,145.08399003426123,163.32783020531593,507.80834048586667,0.1720522102077333,16.231657548531654,none,0
12.0,2544.038266841537,42.01150617349248,42.23147564132867,144.62606407350106,164.8344569349244,508.2948252681288,0.1819755045427091,16.79878316835198,none,0
12.1,2517.447739543405,42.02439372806726,42.17092551515968,144.06968985039052,164.75401621092985,507.6982725773756,0.1694817571739731,16.241110705563358,none,0
12.2,2500.208412775304,42.04204161791499,42.23030292791054,145.8995969186437,165.97482164764395,505.5507441104871,0.1783852548288143,16.531406379144315,none,0
12.3,2490.928914275056,42.06442161017659,41.49530829023695,145.34610167749332,164.9388299277908,511.78685599046986,0.1574574583506393,16.34475880274233,none,0
12.4,2488.723144191817,42.091497901638576,41.37825683533532,145.36289250548825,165.1875151042125,511.769057405327,0.1840957609364465,15.598280660006774,none,0
12.5,2477.2930346159847,42.12322717601059,41.92369835688093,142.91859357994502,163.03958733150932,503.9713104564611,0.1682936214139073,16.16799495556749,none,0
12.6,2514.66324795456,42.15955867322217,41.97810555117303,146.6488096850284,165.773625362857,508.3232310862568,0.1884840937161946,16.380952922845417,none,0
12.7,2531.888312339878,42.20043427062811,42.46330726165059,145.21289747489982,164.7358538823925,514.9833562748947,0.1693106971917831,15.945710904597838,none,0
12.8,2502.7578811879307,42.2457885759922,41.41309757530955,143.70293516623917,163.4103609865665,507.7507765696038,0.1938233958627319,16.553102529313097,none,0
12.9,2550.5938951944936,42.295549032100936,42.03921038678726,147.133448871241,165.49943653753044,507.9206513874308,0.1766272133534318,16.599743187570564,none,0
13.0,2529.5554333180044,42.34963603283954,42.0911801698088,144.28852809428008,164.2082078630395,506.8258257088691,0.1935928224535997,15.920696684831062,none,0
13.1,2529.745382334186,42.40796305054478,42.67227249637663,147.0686551420428,165.61166055466933,507.426634568526,0.1482144838729574,16.46030422166331,none,0
13.2,2578.486423929571,42.47043677443075,42.3825747202268,144.90291996738247,165.973980079617,513.2254506934332,0.2131590123002256,16.365260354722043,none,0
13.3,2496.3013138251786,42.536957259866256,42.03298611210677,144.18747450071157,164.6875354351262,504.0786448056473,0.2054359149645011,15.997782731890412,none,0
13.4,2547.650455161028,42.607418088264886,42.27483776530339,145.65311804660567,165.08760271112698,514.1715386308259,0.1833149850905037,15.729899146758664,none,0
13.5,2566.0372032646733,42.68170653733204,42.34802564185328,147.35187227472758,167.11198001659315,505.416172936432,0.1776389599031719,16.345788662183296,none,0
13.6,2580.3799061693,42.759703761396565,42.94086655018962,147.9477385757695,167.78542799401245,507.95944688093374,0.1537514319911596,16.500403656509434,none,0
13.7,2553.4450599519087,42.84128498153848,42.23775633519983,144.57556288695278,162.57483708673013,514.2241204075514,0.1719677083617938,16.810097500727274,none,0
13.8,2553.621266878662,42.92631968520862,42.401600357265394,145.79554980094017,166.09878973549905,509.2813401343591,0.1796341528183307,15.995715284243389,none,0
13.9,2542.786519680551,43.01467183502089,41.38885992743138,144.88967111198284,164.70707915427957,512.1592585212154,0.1540255479626708,16.034966888284885,none,0
14.0,2571.3618333103555,43.10620008638304,42.61758003017752,142.1773696765756,163.98552344874844,513.829031039118,0.1940961947934042,16.606373837404522,none,0
14.1,2527.489601842084,43.20075801361787,41.97978121623245,142.79912842532673,162.99600581098358,509.597940814942,0.1902875456713744,16.081418915829236,none,0
14.2,2549.466380650932,43.29819434421309,42.42731482398157,141.74664227865782,162.8237616636183,507.47792619250777,0.1302985447711136,16.650691580923812,none,0
14.3,2556.1116936456297,43.39835320082507,42.06830413270108,143.07396786184648,164.77196803172038,510.4678180819952,0.1843569088419275,16.634106876182525,none,0
14.4,2580.3858601427573,43.5010743506493,42.88971223159356,145.40352108129986,165.34511449287902,507.7774874788405,0.1971065388592472,16.657538947796365,none,0
14.5,2551.866474678872,43.60619346175873,41.84463528647493,149.86006143206262,169.384849568143,512.8387219524384,0.2023857122662909,16.435120002004314,none,0
14.6,2584.436981701254,43.71354236599981,42.303240679308445,146.56425794139415,166.99475246514513,510.4274491327009,0.1881833679285054,16.602529926078198,none,0
14.7,2601.6258916434285,43.82294932802564,42.6558415891552,144.9485394369701,166.53401967162114,512.9158616047766,0.1577242457308642,16.909219267078086,none,0
14.8,2596.6768584385354,43.93423932003587,42.14808329571632,150.4476892143689,168.89374667025922,512.6002836843517,0.1563928542096427,16.60923647121461,none,0
14.9,2594.602652079732,44.047234301783895,42.92717270377778,148.04332903917594,166.83517405112997,513.252199747038,0.1925657848720499,16.635543500558928,none,0
15.0,5049.408908003244,100.0,59.75268283040699,197.9282705582039,216.8782694329488,665.085153947285,0.3833292139140766,31.807181304416705,overheating,1
15.1,5027.434878223752,100.0,59.53859114157104,193.9146837434476,215.8227142919164,671.9953705061516,0.4087962184310039,31.620590456869333,overheating,1
15.2,5023.103109357116,100.0,59.75888628363551,197.00989829663655,219.86265606841292,678.2252063168316,0.3878710375564757,31.85744288469928,overheating,1
15.3,5009.838831844005,100.0,58.93176269471406,200.12232890350148,222.31578225226025,684.5913804867557,0.3846357433483499,31.823990582383377,overheating,1
15.4,5004.454793551837,100.0,59.46569891441924,201.75438542799915,224.66769553527388,686.5280171969964,0.3971490448775056,31.83964143965574,overheating,1
15.5,4991.119712607078,100.0,59.09447731779348,197.01480031709636,222.7935653787675,683.1868413450375,0.4080449035002753,31.506590867389583,overheating,1
15.6,5020.797465996799,100.0,59.28266295563666,199.2448548426908,225.70569021057017,686.6290217675939,0.3733137733463998,31.62106746450486,overheating,1
15.7,5018.353764589567,100.0,59.38095052457757,200.08643693941335,226.36539849514944,689.1926854548973,0.3890524388904815,31.346808694325823,overheating,1
15.8,5011.507611794884,100.0,59.07410068317974,199.60608098355075,228.7332185509217,690.3188631357276,0.4151349496925177,31.939872326344016,overheating,1
15.9,5017.734722246532,100.0,59.72725511293981,202.7975163017434,232.5402413992373,699.2559390139718,0.4010852180144583,31.875793521900267,overheating,1
16.0,5013.604253549439,100.0,58.712843476597314,202.30240877155225,235.46524951610627,691.8469644477026,0.4168808980199209,32.18421898804052,overheating,1
16.1,5028.68123587222,100.0,59.51099253537163,202.82659414934855,232.53430336062183,699.7325439450806,0.3922420971415083,31.97293433671028,overheating,1
16.2,5021.926407334214,100.0,59.4453998545134,205.3863099897592,237.97771654487133,700.3460444693803,0.3904437620062829,32.19932092440216,overheating,1
16.3,5019.567094352514,100.0,59.6617374813005,205.1879431293517,239.3422878498138,704.0620645828425,0.4146396344425787,31.682132282012585,overheating,1
16.400000000000002,5001.73352200422,100.0,59.35926125819272,201.0226292981302,236.4098594851481,702.5462255252588,0.3969594670322898,31.45401259437924,overheating,1
16.5,4994.938317598915,100.0,58.89915366699396,198.4481494558896,234.99893650507195,707.285604413899,0.3944951430216751,31.673760756833943,overheating,1
16.6,5017.523828068075,100.0,59.73987633619722,205.2800675258751,242.48494075044675,711.8286866971929,0.4062485688066319,31.77390036873334,overheating,1
16.7,5027.616748111571,100.0,59.46106439648933,204.7680222944097,241.8051622583604,706.6803624213435,0.3623177420107254,31.941781487590585,overheating,1
16.8,5022.05175175487,100.0,59.60923481017624,206.60779914666196,243.4529107523484,717.8636248062354,0.4030369035013451,31.492670183832928,overheating,1
16.900000000000002,4990.74850820094,100.0,59.29453937898992,202.42370363607364,241.7846447955721,712.4278319078126,0.3917173291524399,31.46519750088929,overheating,1
17.0,4978.937280019567,100.0,59.22969342680857,208.27213952569332,244.99252426133745,711.9172918393688,0.3513358137771613,31.379093040058272,overheating,1
17.1,5011.993689679463,100.0,58.88128635502499,204.2958231904017,245.5196011439737,717.737254383878,0.3925552194205409,31.794450073267228,overheating,1
17.2,5031.28425607272,100.0,58.97610429694104,207.44575023731997,247.1264837503642,726.2296519159487,0.3929695398167083,32.160525769451915,overheating,1
17.3,5011.772219123456,100.0,59.43286263389224,207.52916645087907,249.41532025279932,716.4807422049527,0.4191501612735361,32.04120177753414,overheating,1
17.400000000000002,5053.448985069619,100.0,59.57816773925953,208.67792582302084,250.0939943012357,728.6927259224673,0.3994621937161146,31.96008821622032,overheating,1
17.5,5061.576962557269,100.0,60.09642419424995,206.1073982576845,250.99203333900329,725.2490155818593,0.4191333385865338,32.24189062143114,overheating,1
17.6,5035.753939263078,100.0,59.81591251954952,205.83520346439485,249.5130915405994,723.3575599748783,0.3799861572380148,30.871704706912773,overheating,1
17.7,5012.206516943967,100.0,59.41241397354446,207.1777541175104,250.6620698231324,722.5365297359948,0.3710320483207128,31.901276691262197,overheating,1
17.8,5042.850627489238,100.0,59.79556496865992,210.93688413388077,254.51426458488737,726.066198825341,0.405922677483641,31.198540062425213,overheating,1
17.900000000000002,5000.309920970266,100.0,58.77050376461717,208.0679899487748,252.82148371573595,724.1616757272851,0.3947508479289134,31.51033608028968,overheating,1
18.0,2703.401483245821,47.38100359154746,43.56652391974777,160.8627137987234,206.3960316588065,572.011360211152,0.2033501339693982,17.085081784511154,overheating,1
18.1,2738.919167035021,47.45208173469352,43.93154356793855,158.96760217875973,207.2320097620676,573.8438037627288,0.202074914986478,18.211993127678237,overheating,1
18.2,2761.77167838355,47.51923707014694,43.73159312136404,161.08045948395434,206.43667442463035,577.6252718855939,0.1826714596723265,17.310057013548022,overheating,1
18.3,2753.9101528815363,47.58236216369671,43.53757878763078,160.1976101069876,207.81520009733453,583.4438854508345,0.188308381981575,18.01632814302541,overheating,1
18.4,2737.3653422276416,47.641356028659104,43.64051360388129,162.49209084036443,211.5047833672864,584.2434069249041,0.181704630050601,18.113203563948392,overheating,1
18.5,2763.8700042403,47.69612428743488,44.11998321717961,159.32254357314025,208.84689935891544,586.5270542278301,0.2089753217459733,18.531926171211207,overheating,1
18.6,2767.517277767417,47.74657932249327,43.61190015317023,164.69564358482177,213.00934630523489,587.8907752676166,0.1789469543149354,17.958180773407307,overheating,1
18.7,2766.280635732851,47.79264041654134,43.75465502305024,162.26226626875223,212.6744662523948,586.2254246373716,0.2168384949781805,18.03847768195104,overheating,1
18.8,2753.838482340589,47.83423388165446,43.87996473633943,161.72064939821655,210.34760875485293,590.0488225753761,0.2225505372072397,17.657599936401887,overheating,1
18.9,2746.658471119319,47.87129317716125,43.68379425282461,163.25068177179185,212.13598696019295,596.0212734008838,0.1829207309593191,17.743344928632553,overheating,1
19.0,2805.487163521557,47.90375901609446,43.96148108041686,166.55264380267027,214.32361753493296,589.8444263211359,0.1897776873773239,17.784316505361716,overheating,1
19.1,2774.507536532128,47.93157946003747,43.91340818789021,166.2402134177505,218.0641308255241,591.770927637066,0.1894742983631591,18.181874149208028,overheating,1
19.200000000000003,2749.4279045444923,47.95471000221468,43.46945053958787,165.28656986360937,216.1923155184388,593.00436508717,0.1845865196712739,17.577652274817673,overheating,1
19.3,2727.473078534212,47.97311363869287,43.410929551250135,164.67057189083667,214.97733582668383,589.1775848352067,0.1970677959237878,17.849910953609623,overheating,1
19.4,2755.117928254541,47.98676092757957,43.67337244633122,164.65178199273572,217.6423786317724,593.311285148543,0.179521721608566,17.788427138729954,overheating,1
19.5,2760.4951393859783,47.99563003612381,43.67731459904248,162.9145978885992,214.9816913198126,596.2758517697731,0.1972257243983515,17.64927366828626,overheating,1
19.6,2816.707601992483,47.99970677564393,43.958799365578415,166.70756603634862,219.6640122174028,605.7606410957235,0.1905776485235097,18.46762648343914,overheating,1
19.700000000000003,2776.354737226541,47.99898462422632,43.73194326049863,164.5312950087854,217.6795769949931,594.5043656957253,0.2090425389941996,17.421802911183267,overheating,1
19.8,2775.8782608194847,47.99346473715922,43.88154674282031,163.96231680875948,218.0291334985405,596.6611313333589,0.2144333679007885,17.367539413452228,overheating,1
19.9,2777.031529886159,47.98315594508442,43.63282342232348,165.82775750517405,218.0485679167606,594.9211621737115,0.1466660197966156,17.911448266580106,overheating,1
20.0,2736.9410237285774,47.96807473987015,43.389340668289634,165.01690516321463,217.19409745784512,597.85801329683,0.1847751673861855,18.202194976284208,overheating,1
20.1,2750.865535776198,47.94824524822759,44.119730231595405,164.52145508176733,217.78409279948409,593.6150868201903,0.1924578076307942,17.87023335252808,overheating,1
20.200000000000003,2750.928291760336,47.92369919311331,43.64499434712956,169.01040314534637,221.84647341463997,597.0392753709716,0.1815944627747046,18.27055956474442,overheating,1
20.3,2767.1815417493813,47.89447584297928,43.19438122875258,166.6010591805873,219.58071485398307,595.3641790117434,0.2039995122495438,18.36718889502949,overheating,1
20.4,2767.226786599997,47.86062194895173,43.70301455348021,165.68163836634622,221.6111400964616,595.5151939967603,0.1795752911855374,18.155396096494503,overheating,1
20.5,2746.385789846808,47.82219167003932,43.44986357046822,166.27729919372422,219.52103449511475,597.7421424420443,0.2236945449683111,17.898965765015078,overheating,1
20.6,2734.54209645463,47.7792464864903,43.08611862877193,163.98162810077577,220.2557640184896,596.4335606787463,0.2063327954991109,17.348934330117316,overheating,1
20.700000000000003,2745.927336111397,47.73185510143719,43.80860778218913,165.7435440026748,222.227126083858,592.2938115893204,0.2150239687801907,18.04932275725634,overheating,1
20.8,2773.3454148608084,47.68009333098646,43.66448664033975,164.75661334724447,218.6069605984013,604.6147180101177,0.1967227252013315,17.329061698993243,overheating,1
20.9,2769.379836307653,47.624043982928896,44.14878779917499,166.37397466196592,220.9234647733694,598.7849456135361,0.2258431227985644,17.652612446696434,overheating,1
21.0,2727.984002676905,47.56379672426484,42.96686222771119,161.1180237843502,220.6448097834392,602.0186673684935,0.1745572626005004,17.792443036897524,overheating,1
21.1,2750.849581128506,47.499447937756095,43.68595871385394,164.3974503565755,223.0563345674286,601.923569229839,0.1701472925582458,17.645682665292533,overheating,1
21.200000000000003,2742.2832812772667,47.43110056773406,43.38845003372368,165.11373895919607,220.71714649293344,596.4955080343648,0.1997790811637365,17.608994575824692,overheating,1
21.3,2736.037578012254,47.35886395541078,43.126391505770016,164.2815976823004,223.00121724296355,597.4656881766485,0.1898241917490751,17.344226113813804,overheating,1
21.4,2729.770415393394,47.28285366395632,43.05271821112625,166.54093106577798,223.31305288249047,605.1421968093287,0.1940630916770538,17.458776365204333,overheating,1
21.5,2722.480496710895,47.20319129362234,43.784856659960674,167.4092707187619,222.0366242645539,607.8921178807856,0.2020251881351369,17.42020882816152,overheating,1
21.6,2738.563149597889,47.12000428720764,43.8091925440968,166.78098162770112,222.73810313389603,607.8159724379904,0.2028518881110879,17.90539830427624,overheating,1
21.700000000000003,2728.725849715585,47.03342572617686,42.94014591683783,168.30158172620008,225.97897966227043,599.6660534444134,0.1816558653591425,17.462174438909365,overheating,1
21.8,2723.5203449790824,46.94359411775855,43.13341117973763,165.55407566483325,221.44523546575527,605.2511533917173,0.1917171982254428,17.36291487508809,overheating,1
21.9,2687.0499092007567,46.85065317336313,42.24881305382239,164.1287702387046,221.29101426666472,598.9205672745542,0.2197745201486285,16.981847129828648,overheating,1
22.0,2692.7089971120563,46.75475157867528,43.055902331336775,163.49850411958917,222.46675725452775,604.0811884499249,0.1511752408157473,17.257049974722996,overheating,1
22.1,2713.7953431825413,46.6560427557886,43.689240856495054,166.72541405595948,223.2031903312505,602.9017718407973,0.1461848486602368,17.978915734873333,overheating,1
22.200000000000003,2703.7165137044444,46.55468461776292,43.72235704540288,160.32278887919367,221.34770345756397,607.4944490662394,0.1873732081474146,17.756831122692805,overheating,1
22.3,2668.2034313214244,46.4508393159972,43.37111075795492,164.55923516027622,223.5134876940704,599.1653941135135,0.2187641766330699,17.547565704857355,overheating,1
22.4,2692.5817179765954,46.34467298082176,43.32839254693916,163.6784664854017,223.62875830980835,602.4516348452387,0.1489236784816168,17.26400385385184,overheating,1
22.5,2706.115636682261,46.23635545572527,43.42221274701648,169.93469337737076,226.83772121695688,607.318523300291,0.168562189143827,17.498491413716085,overheating,1
22.6,2681.3526748909603,46.12606002564139,42.89968270425726,166.00514674727566,224.0999687571461,608.1842614189032,0.1961061945871281,17.349679867044443,overheating,1
22.700000000000003,2694.238609732989,46.0139631397298,42.87260820630832,166.60238046703506,224.2478403862009,606.0882463701281,0.1891117565311457,17.98050498142477,overheating,1
22.8,2699.636237327393,45.90024412909525,42.77856235203242,165.8944251014509,226.29137863294235,604.0928410589977,0.2004901851465411,17.31838360781464,overheating,1
22.9,2649.3335550076936,45.78508491989598,43.136130114684384,161.57163354030055,223.11065256918977,603.7747317450376,0.1965657045082317,17.186283362811224,overheating,1
23.0,2671.5345428613614,45.668669742300736,43.50937861407097,167.31584340471076,226.5499808639916,603.432261952397,0.1826537178137096,17.417231347920016,overheating,1
23.1,2658.282236715899,45.55118483575975,43.18106477348969,164.55262737559872,223.91545987382477,604.631388023072,0.1594075457952242,17.229191494971488,overheating,1
23.200000000000003,2667.4452140526296,45.43281815106137,43.04644567040745,168.85577765137143,225.1423902740449,611.3471755283691,0.1394933791964068,17.408094934762254,overheating,1
23.3,2654.9518036999043,45.313759049650905,42.9238796600365,167.13209505951966,224.9786802804557,605.0296848957349,0.1595883984666872,17.52902909298382,overheating,1
23.4,2661.535100877485,45.19419800069269,43.16345122448699,165.53230373894678,226.94558045146923,603.7385469523966,0.1665874975215871,17.018258572818567,overheating,1
23.5,2660.667092369855,45.07432627636008,43.521954168405045,162.3782143421594,225.09593978310605,600.8547257384575,0.1901041564345097,16.99426550572228,overheating,1
23.6,2673.966688239135,44.9543356458407,42.84286367455865,167.5695319676141,225.95944371483176,603.0979748165839,0.1816999725912024,17.206830896075495,overheating,1
23.700000000000003,2653.728066688702,44.83441806854677,42.839099789712336,163.9532603787193,223.1897004390273,600.2812346400596,0.1806101511966842,16.946658622921372,overheating,1
23.8,2645.012127712127,44.71476538702091,42.79626100937618,164.37218149420454,225.05629058909605,606.3649897565504,0.1767538795690746,17.023795250674425,overheating,1
23.9,2636.786649049028,44.59556902002901,42.716144551344506,165.4693112383752,226.17665925381476,602.5565302768525,0.1660212695601119,17.490224735216295,overheating,1
24.0,4597.784705094651,90.0,56.65813545814426,205.17815337995967,264.7754528437995,733.0204180512977,0.3306130026233607,28.993648415577105,overheating,1
24.1,4556.188638002971,90.0,56.44836852358439,203.69736628300836,264.54856965776975,726.795540068717,0.3824400281691665,29.296110804619943,overheating,1
24.200000000000003,4590.654230166228,90.0,56.30900659886653,205.7550377281644,265.84010301687664,734.9369604760838,0.3144896134698096,29.00759831208857,overheating,1
24.3,4584.9539675548585,90.0,56.31697033201779,203.7429932859216,265.5999363241096,736.8781594231939,0.3154548503498185,29.03509083647783,overheating,1
24.4,4588.163360239872,90.0,56.28082414284432,206.5580594034249,270.0927701757692,735.9847757876925,0.3634726426614448,28.74957156362653,overheating,1
24.5,4554.398572488941,90.0,56.634974969166,202.7849509576589,264.3507995376348,734.9847013341731,0.3731316741164156,29.54297150448903,overheating,1
24.6,4581.528275010272,90.0,56.35001739675809,206.1036336054906,266.5315010332893,732.3867154889883,0.3516077082503973,29.595012870749784,overheating,1
24.700000000000003,4571.711041744336,90.0,56.36716128858849,206.2655676378721,267.1563177517208,735.9590252905841,0.3654538589130899,29.12830762570325,overheating,1
24.8,4614.939651622438,90.0,56.717817441996665,203.852994275811,263.79605837916176,728.0012243855892,0.3394760653298803,29.054332956524515,overheating,1
24.9,4544.240034055018,90.0,56.258149568945775,206.2395393997845,265.60025515230404,730.6059165097951,0.3155117421046111,28.70644933681005,overheating,1
25.0,4589.075406812627,90.0,56.20868144888786,202.91001938223303,264.6411814382248,735.6112770165394,0.3407478383593427,29.10270639679197,overheating,1
25.1,4594.526673927934,90.0,56.27135808155149,205.83676839495175,265.0743723211426,734.7300598974152,0.3683229398849463,29.092928321606223,overheating,1
25.200000000000003,4607.325410495168,90.0,56.22571647689088,204.5553963196797,264.014344935871,732.8017835476699,0.3585503974883802,29.49039971548998,overheating,1
25.3,4566.959836151301,90.0,56.12793610158119,204.1671893370524,264.7141551928473,724.1191390658885,0.3625051236977282,28.57739479998453,overheating,1
25.4,4603.433648764413,90.0,56.36394656833383,205.17871237043104,264.1007985169831,726.7482105212666,0.3603887133261009,28.874177728367496,overheating,1
25.5,4575.191970653562,90.0,56.27035121455748,204.93451729117015,262.55529678695774,726.1956767506734,0.3450175793931025,29.06703628765343,overheating,1
25.6,4549.600115128563,90.0,56.24081954740696,199.16726204650328,257.33244381904296,719.9689260857876,0.3307002891046282,28.938924678825128,overheating,1
25.700000000000003,4563.941451801228,90.0,56.40359189428936,201.58569215697617,257.0322301132559,724.3707457100952,0.3561004746084219,29.995555478407383,overheating,1
25.8,4568.681414180268,90.0,56.39688785818621,202.1549369381967,258.4850301488544,721.8501814744543,0.3283764251118093,29.274466613457715,overheating,1
25.9,4612.248473502723,90.0,56.57199306376172,201.51632325683528,257.20893270573123,714.4855271322377,0.3643231923505511,29.122353090345086,overheating,1
26.0,2527.780223874958,42.51652059274304,42.25485672930439,159.2656496709737,214.29997423211745,583.675714278476,0.1757993079119824,16.49897867038702,overheating,1
26.1,2521.667916101248,42.45120695054741,41.32219111496416,158.07527619232607,212.5256180827638,576.5757542265192,0.1805917363771623,16.6561818616968,overheating,1
26.200000000000003,2513.68370714566,42.38997083351738,41.504051412910826,163.14283622375095,212.620654505396,575.2350300651628,0.1568904768142104,16.014986373110876,overheating,1
26.3,2548.1524385685675,42.3329102063772,42.1755433439242,157.3886785710016,208.30275275236693,571.2437665794164,0.165879760777342,16.48928445279335,overheating,1
26.4,2512.7269335790056,42.28011635395801,41.55814061583373,156.09023101031707,208.7894524182388,574.6356612680296,0.1855623958689796,16.791357660682333,overheating,1
26.5,2548.282282758644,42.23167373516158,42.07722910791744,158.3705396720392,207.90038977844924,577.0595095451072,0.1399270211873605,16.383585542435068,overheating,1
26.6,2505.9713482151083,42.18765984784412,41.718703116626166,157.35924578378103,206.40035872527235,573.6285888408424,0.1604983903584067,15.898400355704789,overheating,1
26.700000000000003,2524.3282225050043,42.14814510483621,42.35675361924231,157.96067725785903,206.65783520228692,572.3190164763872,0.1896694981585767,16.943117650379367,overheating,1
26.8,2510.7267065661326,42.113192721297295,41.94372172509694,158.4787934758989,206.04281522356533,568.2373973569829,0.1813024926753395,16.495396897234762,overheating,1
26.9,2540.0348894559697,42.08285861358493,42.00226566219856,159.17396529030202,206.79733759178492,575.5209389904825,0.1572682808415285,16.55653136024406,overheating,1
27.0,2512.721516240168,42.05719130980052,41.72295798211025,160.03126015631634,205.4767390172933,568.5532668508898,0.1867292352739992,16.667395013510976,overheating,1
27.1,2490.818458955122,42.03623187215473,41.64685546814679,155.61846168793437,202.3768635307268,565.5817484772822,0.1736591969030283,16.679912866990804,overheating,1
27.200000000000003,2508.7763704016943,42.02001383127668,42.16678787234903,156.860204675191,201.8777132749584,562.9039673363725,0.2065263564911501,16.423553247047163,overheating,1
27.3,2506.766426541711,42.00856313257211,41.78994485418445,154.17088196830565,201.11385548731417,563.4151835366256,0.1954306701368162,16.47091658027663,overheating,1
27.4,2510.257251167707,42.00189809471625,42.191901055335066,157.39266580475197,203.41432411816783,563.5727678429058,0.1539425965741738,16.216138659877274,overheating,1
27.5,2492.8999671986994,42.00002938034789,41.791261915407375,157.967346839557,204.7835066413951,559.7262222740409,0.1775275947511895,15.9372115131327,overheating,1
27.6,2500.6031899125787,42.00295997901137,41.54212648624742,153.7041808526474,200.7907627425357,560.1090345623115,0.1960718395735191,16.305250334557957,overheating,1
27.700000000000003,2516.3986608689947,42.01068520237399,41.90977287385677,154.42549306218567,199.77949894412376,558.1125532313049,0.1701776496771085,16.507853172458333,overheating,1
27.8,2493.556110379671,42.02319269172634,41.77789383079253,155.77232982006188,196.25278655893035,557.876584233335,0.1837936827224996,15.817101797104884,overheating,1
27.9,2512.6361240431856,42.04046243775357,41.82553516063538,155.07354327982915,197.72961861368228,553.5174664454531,0.1827717406093661,16.164365521961077,overheating,1
28.0,2497.519244495147,42.06246681254605,41.75460896625461,156.35362609600543,197.3513859319841,552.3999956116694,0.1934580792301076,16.15372921439697,overheating,1
28.1,2556.824312769544,42.08917061379813,41.98173745388595,155.60325598819233,198.01000414031896,560.2234021571052,0.2317974132330883,16.43300687615263,overheating,1
28.200000000000003,2536.296316148944,42.12053112112432,41.80220369615541,153.67307635235122,195.27336970495367,556.5437079687345,0.186412893527393,17.018015218841487,overheating,1
28.3,2519.339283809387,42.15649816440277,42.25211833891297,158.66470939230868,198.1291541355916,553.3516879411229,0.1887009935458406,16.164464518964838,overheating,1
28.4,2490.7039768606405,42.197014204036805,42.193174687969496,156.76161229088268,197.49264865717117,553.2057769551755,0.1930223731434451,16.632660362815376,overheating,1
28.5,2572.560761692885,42.24201442300597,42.05870162094106,155.41954218937445,195.5744967059705,557.1203626954376,0.1703556673831091,16.91129637038055,overheating,1
28.6,2527.424332698989,42.29142683055945,41.9193581588484,153.15729434568604,193.21047121244305,548.6323511831823,0.1814055101171033,16.70904439532085,overheating,1
28.700000000000003,2539.4509688865373,42.34517237738592,42.23561659215997,155.90459910582356,192.81272455647564,550.7145631985734,0.2034475543972688,16.47932616174071,overheating,1
28.8,2521.248266410784,42.40316508207553,41.80638328927818,156.03447755187614,192.2803631507928,551.234424438276,0.1631374071254885,16.863714811896315,overheating,1
28.9,2534.5914310730927,42.46531216867192,41.66922123321594,152.7275927624856,192.1345676618233,546.9721618867363,0.2052903564846401,16.423411379704493,overheating,1
29.0,2527.325156465142,42.53151421509388,42.38871394205669,151.48576306991066,191.15750331830213,543.5729908101131,0.2023383501375783,16.05562944574209,overheating,1
29.1,2529.742975132618,42.60166531218946,42.062242610164425,152.4536483296882,188.5637575499888,546.9549936503068,0.1857730451034419,15.909497952136965,overheating,1
29.200000000000003,2549.645717643876,42.675653233168106,41.959398098389954,152.13477145253796,192.7068670414021,551.3930675344462,0.1846216607058145,16.964316813549917,overheating,1
29.3,2506.23933723537,42.75335961313947,41.22768992403853,152.0525129775212,188.606834152534,550.6715404294602,0.1701160319709177,16.3744453676859,overheating,1
29.4,2524.083554257377,42.8346601384721,41.94603487637038,150.96711725810323,188.03476668682967,543.3893182609171,0.1630374157152514,16.225312632958634,overheating,1
29.5,2564.906587044958,42.91942474566864,42.31968683102005,156.36983822283608,192.03991601132023,545.8087401520881,0.1978981835296039,16.854573071461278,overheating,1
29.6,2562.6912683627397,43.00751782943972,42.399134603110994,153.86753203021485,188.898256647132,550.7066927787791,0.175943529119857,16.556405508129377,overheating,1
29.700000000000003,2540.188177961743,43.098798459643504,42.15306255366115,155.96684819901836,191.18902350613357,545.8191444328012,0.1955027368675234,16.508766514875298,overheating,1
29.8,2536.1714604371177,43.19312060674383,41.89189327268767,154.80795570701878,188.6794361289508,541.4041771623675,0.1732479980563671,16.450529349918927,overheating,1
29.9,2507.1606703500424,43.29033337542632,41.62390297096852,149.41400144817018,185.47223194962095,545.8284577181371,0.1720508569174871,16.43700076961895,overheating,1
