timestamp_ms,msg_id,rpm,cht_c,egt_c,oil_pressure_kpa,oil_temp_c,fuel_flow_lph,vibration_g,throttle_pct,altitude_m,ambient_temp_c
1788607180532,ENG_TELEM_00,3525.0467208133196,142.02521329022616,553.5949930082555,364.06284471245493,123.84855090473982,24.33476801444079,0.2441489246184782,55.0,4500.0,-5.0
1788607180613,ENG_TELEM_01,3551.200177566541,142.3491240397346,563.7283256590729,363.47586502119,119.97557100540817,25.011456951985917,0.2408668090222058,55.732984695917494,4500.0,-4.999166667052469
1788607180713,ENG_TELEM_02,3597.393825775786,145.02753037256886,558.844601233892,367.0771975591076,124.88519019092533,25.403876378455536,0.25466408511035254,56.465647880521985,4500.0,-4.998333336419751
1788607180814,ENG_TELEM_03,3696.6315807010665,147.97951921010767,564.2243899501017,373.4793805469881,128.06937849022876,25.979410844762295,0.28840454342929006,57.19766818352597,4500.0,-4.997500010416654
1788607180913,ENG_TELEM_04,3723.6929518399797,144.7342891575625,564.9171114808572,371.6160588870812,124.24957366693117,26.189733912086577,0.2897718391054651,57.92872451663104,4500.0,-4.99666669135797
1788607181013,ENG_TELEM_05,3734.3288286061183,147.33312484319563,568.3092666462918,374.4042625384303,127.46816977711144,26.581371181438534,0.268143242214709,58.65849621436787,4500.0,-4.995833381558475
1788607181113,ENG_TELEM_06,3796.3568633889263,150.27699810698354,569.0926104783472,380.1216743766377,127.91064349396278,26.71318995146462,0.2673289628080242,59.38666317475065,4500.0,-4.995000083332917
1788607181214,ENG_TELEM_07,3807.827368163185,147.510184966872,576.8825801733093,377.7316679873719,127.67623959371012,26.43461680806267,0.25751227524758946,60.11290599968441,4500.0,-4.994166798996013
1788607181313,ENG_TELEM_08,3838.5149989017455,148.9989813057088,575.7690805075908,376.6971840415313,127.96839095888791,26.694498862297216,0.2681742741107788,60.83690613506358,4500.0,-4.993333530862442
1788607181413,ENG_TELEM_09,3865.840481883822,150.35349702083744,575.4490794582618,383.4757940625743,131.32316039750063,27.052408582804826,0.2903607047029835,61.55834601050036,4500.0,-4.992500281246836
1788607181513,ENG_TELEM_10,3923.5145211210834,149.30304267051773,579.3686860962137,383.89936327720596,130.05113846272175,27.62157295535854,0.2986701480402413,62.27690917862158,4500.0,-4.991667052463778
1788607181613,ENG_TELEM_11,3961.5413974711187,152.61567644189856,582.8455745115903,386.1459583418778,132.40101295920965,26.809537824863252,0.2877450514920043,62.99228045387295,4500.0,-4.99083384682779
1788607181713,ENG_TELEM_12,3964.552784932725,152.28511303814622,582.5088419280709,384.3925806514339,131.35710147350525,27.276257445493076,0.2902678365980295,63.70414605076992,4500.0,-4.990000666653334
1788607181813,ENG_TELEM_13,4016.2718491016976,152.67130038831982,589.5394945998341,384.5786190072794,132.50615912400215,27.405240847136955,0.28714062039894334,64.4121937215343,4500.0,-4.989167514254796
1788607181913,ENG_TELEM_14,4059.283961778627,155.10235389684684,591.6648584835473,387.08590108405247,134.92871517700053,28.65663379447597,0.2929387862023017,65.11611289305651,4500.0,-4.98833439194649
1788607182013,ENG_TELEM_15,4085.974574473278,152.2005520315718,591.9491492192822,395.21876048649835,134.39895770586358,27.91950026599214,0.3205228752002974,65.81559480312316,4500.0,-4.987501302042644
1788607182113,ENG_TELEM_16,4133.052017892813,156.6854165562137,598.3128630991847,391.5245484038753,136.9138754005745,28.746649145499514,0.2632683267350298,66.51033263585042,4500.0,-4.986668246857395
1788607182213,ENG_TELEM_17,4140.266101425699,155.09500215986264,594.090004235262,397.819614803985,136.0792543520156,28.86150385432049,0.30194993271672455,67.20002165626353,4500.0,-4.985835228704785
1788607182313,ENG_TELEM_18,4213.349362030875,156.77731496722433,601.3792976440403,394.8985144264428,138.4728126274772,29.758437150370554,0.314041277051595,67.88435934396372,4500.0,-4.985002249898752
1788607182413,ENG_TELEM_19,4226.84125512231,156.8474667400054,600.7503052417937,397.02160721649807,135.3049708910225,29.334331345979304,0.2968987131774244,68.56304552582361,4500.0,-4.984169312753127
1788607182514,ENG_TELEM_20,4307.979337754431,158.7494733807021,601.1186467687432,404.7924933968492,139.87166450700994,29.92301130635355,0.3328304664967571,69.235782507653,4500.0,-4.983336419581623
1788607182613,ENG_TELEM_21,4323.38000027348,160.14197390445773,603.5955457946526,404.0112009964891,138.9174364567109,29.730336055545084,0.3470549761858899,69.90227520477754,4500.0,-4.982503572697832
1788607182713,ENG_TELEM_22,4299.8215816972015,160.60372295264497,598.3911144523996,405.00603562528414,139.69890901493207,30.58816878902389,0.3235012734089384,70.56223127147246,4500.0,-4.981670774415217
1788607182813,ENG_TELEM_23,4351.131629648476,158.58141864692846,609.438953936972,404.63945734829446,138.16537254459004,30.15650356242316,0.3074294150196502,71.21536122919517,4500.0,-4.980838027047104
1788607182913,ENG_TELEM_24,4384.877041248964,159.06055022731124,611.860103565162,406.0711424468769,138.7943571908483,30.196495165781936,0.3109238521826642,71.86137859356003,4500.0,-4.980005332906683
1788607183013,ENG_TELEM_25,4397.081589463338,161.81775447344737,609.438950475087,403.0606773623342,144.1782014267046,30.000568946717554,0.34812876624430805,72.5,4500.0,-4.979172694306991
1788607183113,ENG_TELEM_26,4457.657425344117,163.7281977995066,618.7038739297533,410.69641052385015,143.34437615976336,31.44975978746172,0.3344701753437911,73.13094532805955,4500.0,-4.978340113560911
1788607183213,ENG_TELEM_27,4490.90956329599,162.66696154863024,615.8704966745065,413.4659523665707,142.82942382416437,31.00423537589672,0.344166006321059,73.75393782426488,4500.0,-4.97750759298117
1788607183313,ENG_TELEM_28,4516.941954062641,163.58055959802857,621.1342876776998,415.48913826142956,142.44347364622178,31.063638067958777,0.3446014851798057,74.36870422351704,4500.0,-4.976675134880322
1788607183413,ENG_TELEM_29,4555.324573406415,163.15995283516258,622.0154803472208,415.41588456165306,144.38792864602937,31.438904246380574,0.34805803778665145,74.97497486895512,4500.0,-4.975842741570752
1788607183513,ENG_TELEM_30,4571.805377921886,161.5007267563202,622.7685048744338,415.150149289052,141.67817242551214,31.82998771110714,0.3676198534151892,75.57248383023656,4500.0,-4.975010415364661
1788607183614,ENG_TELEM_31,4599.606216001622,166.73333374621484,627.5165719658186,418.3646434230596,147.03563162644107,32.00277990267302,0.35184876531598397,76.16096902018312,4500.0,-4.974178158574067
1788607183713,ENG_TELEM_32,4646.807469901805,163.96223084604895,626.2491837595041,420.46579378579406,144.83564432176217,32.41417473312653,0.3759568951139319,76.74017230974086,4500.0,-4.973345973510794
1788607183813,ENG_TELEM_33,4606.400580264274,165.38130519906295,627.4114394685641,417.8024251883815,145.88164332802538,32.335213508202735,0.37566673166108544,77.30983964120414,4500.0,-4.972513862486466
1788607183913,ENG_TELEM_34,4670.630584514074,169.07221846296423,631.8429133887836,424.81674205168093,149.50489518938176,32.00828215256108,0.351304431729793,77.86972113965369,4500.0,-4.971681827812502
1788607184013,ENG_TELEM_35,4749.929239664927,169.3512248395515,634.4922186399839,424.11300036429924,150.0528903722502,32.74659849232952,0.35983506020385986,78.41957122256004,4500.0,-4.970849871800111
1788607184113,ENG_TELEM_36,4751.1233987347705,168.227104381577,630.4602354802265,426.6304637190649,148.99470104867538,32.99902991501318,0.4054350817477697,78.9591487075041,4500.0,-4.970017996760277
1788607184213,ENG_TELEM_37,4770.738628637323,167.4858826336607,634.4653926036139,430.2467294691225,147.7915634690019,32.78536099281239,0.3792716322222391,79.48821691796779,4500.0,-4.969186205003768
1788607184314,ENG_TELEM_38,4817.999556537373,170.64416126766417,636.0069712003162,431.04213274662,153.0850991489,33.33156485522989,0.3760095666119616,80.00654378714812,4500.0,-4.968354498841114
1788607184414,ENG_TELEM_39,4828.205778273045,168.47124744264352,636.6984505496695,428.9670115655892,148.60359676212553,33.537149592520855,0.3722920543657775,80.5139019597494,4500.0,-4.967522880582608
1788607184513,ENG_TELEM_40,4812.059799488491,170.6640498145117,636.7241646610746,430.1535732651173,151.62872157843532,33.7726945719659,0.39801612320171886,81.0100688917088,4500.0,-4.966691352538303
1788607184613,ENG_TELEM_41,4912.00582446646,171.990287083711,644.7100672288401,433.6387908644219,151.12206532256982,34.188382540145156,0.4125336665321849,81.49482694781148,4500.0,-4.965859917017998
1788607184713,ENG_TELEM_42,4912.552456471477,169.21566667272234,644.3656291840608,432.9417020543479,149.3957158131228,33.868062014150276,0.3918959265270944,81.96796349715262,4500.0,-4.965028576331234
1788607184813,ENG_TELEM_43,4911.7379264300125,170.0119515571787,640.039065266711,433.0433897324729,149.90359471443944,34.52868410912554,0.4137183670978144,82.42927100640439,4500.0,-4.964197332787291
1788607184914,ENG_TELEM_44,4949.324009856872,172.51493450318918,648.5311189568516,433.30055493997895,152.98830788267927,34.53976600813734,0.4093407203393664,82.87854713084687,4500.0,-4.963366188695178
1788607185013,ENG_TELEM_45,4956.291018326883,173.94384859031896,643.8791860385385,437.6652544930244,155.27329260413325,34.43817518732924,0.3838370506243851,83.31559480312316,4500.0,-4.962535146363629
1788607185113,ENG_TELEM_46,4989.743208199832,173.58280463090642,652.5545150957986,435.19048003781967,154.74998415139578,34.60583206867388,0.40066773098742664,83.74022231967965,4500.0,-4.961704208101094
1788607185213,ENG_TELEM_47,5027.0527140129625,172.84114852778964,648.4299404924079,439.8702746499172,153.34388840397028,34.893650047591024,0.41085677405708004,84.15224342485348,4500.0,-4.960873376215733
1788607185313,ENG_TELEM_48,5019.645531545161,174.1035279376703,651.6581081626714,439.05355749558703,154.99873082059017,34.78354978109184,0.418768063937684,84.55147739257053,4500.0,-4.960042653015414
1788607185413,ENG_TELEM_49,5034.889477835922,174.44351202449243,650.9030036663069,443.1256818834932,152.21705737307363,34.55128315106293,0.43895173648873964,84.93774910561774,4500.0,-4.959212040807699
1788607185513,ENG_TELEM_50,5086.785992662417,176.64061091904722,654.9707898507259,443.3349772685797,156.32052713705278,35.58369795184865,0.39477945494528377,85.31088913245534,4500.0,-4.958381541899845
1788607185613,ENG_TELEM_51,5067.797264664025,174.25633474232842,650.1367401155537,443.00498117321433,154.59650863306226,35.065832154541354,0.3779432496372252,85.67073380153522,4500.0,-4.957551158598792
1788607185713,ENG_TELEM_52,5081.196971030933,180.01359481031022,653.9666486223499,441.81553347890565,160.12362927295501,35.38002822235386,0.38674866113135764,86.01712527309252,4500.0,-4.95672089321116
1788607185813,ENG_TELEM_53,5156.760104507248,177.71246135043734,660.2209364372878,446.51692678581844,157.29919125751596,35.64320170153517,0.43169370672724516,86.34991160837944,4500.0,-4.955890748043242
1788607185913,ENG_TELEM_54,5126.22775146893,175.56150272390136,656.1731226193433,440.60734906675873,155.61118264473998,35.653445039581705,0.4278844182266593,86.66894683631068,4500.0,-4.955060725400995
1788607186014,ENG_TELEM_55,5157.5698443126785,174.64966410354447,665.9419637278781,442.8579520315822,154.05775269810033,35.79374299597118,0.39075386483599694,86.97409101749103,4500.0,-4.954230827590036
1788607186113,ENG_TELEM_56,5174.738870197905,176.73671910197743,652.768066921275,445.16491564565365,157.71929005324338,35.837885372424694,0.38372062998871886,87.26521030559752,4500.0,-4.95340105691564
1788607186213,ENG_TELEM_57,5214.821793945837,177.89990714041255,655.9802770290008,452.1000528088444,157.96946054030667,35.81701709153358,0.425495814633343,87.54217700608879,4500.0,-4.952571415682721
1788607186313,ENG_TELEM_58,5192.142788789382,178.149958533969,664.1152330732563,446.25705202649664,157.43396056747946,35.67560164105535,0.4309206186427554,87.8048696322162,4500.0,-4.95174190619584
1788607186413,ENG_TELEM_59,5203.431732510182,175.95764192576993,661.9511354160389,450.503512660321,156.68579044066337,35.546440855891866,0.41441022478810213,88.05317295831185,4500.0,-4.950912530759188
1788607186513,ENG_TELEM_60,5219.088687427407,180.02477694438832,662.6547006567548,446.58672936869357,160.16524665644567,36.18861905463025,0.45805687706288367,88.28697807033038,4500.0,-4.950083291676586
1788607186613,ENG_TELEM_61,5234.236858360043,178.77136207277712,659.5148227714138,450.762827125223,160.1850900587151,36.075796842175,0.40673737671130294,88.50618241362235,4500.0,-4.949254191251475
1788607186714,ENG_TELEM_62,5254.727507906049,179.76452769081004,662.2349242195667,452.48988702748056,161.4831672188613,36.86984588837142,0.43090570727115013,88.71068983791804,4500.0,-4.948425231786911
1788607186814,ENG_TELEM_63,5235.208177311589,179.30937706698018,664.001531500219,451.93290137499207,158.11357837730088,36.309384764550174,0.419759645633314,88.90041063950208,4500.0,-4.947596415585559
1788607186913,ENG_TELEM_64,5238.6449207600035,178.028501695393,659.7649460824688,450.2408889356174,159.9533258417802,36.38921198102952,0.4282027384370237,89.07526160056061,4500.0,-4.946767744949685
1788607187013,ENG_TELEM_65,5247.709858220362,181.03334053732652,666.5356500919588,450.0507997091397,163.434823954193,36.17788512579883,0.4103407697576255,89.2351660256832,4500.0,-4.945939222181153
1788607187113,ENG_TELEM_66,5252.002347252432,177.43328469288767,661.9350446408401,447.9808809061085,156.66648754962478,36.678071681608344,0.4165320453399364,89.38005377550411,4500.0,-4.945110849581413
1788607187214,ENG_TELEM_67,5280.646533262145,182.48945156712875,666.5069721719758,450.8540568029695,162.5967972086119,35.8911554027462,0.4407220933939362,89.50986129746767,4500.0,-4.944282629451499
1788607187313,ENG_TELEM_68,5276.653444030296,177.77809136692835,660.598361906492,454.58313837361334,157.53687862695196,36.48678544123634,0.4124844778463361,89.6245316537046,4500.0,-4.943454564092025
1788607187413,ENG_TELEM_69,5264.175268589786,176.36857467930045,661.6695572509291,452.44844433181595,158.09927355449312,36.33070308409967,0.4514331981639508,89.72401454600673,4500.0,-4.942626655803168
1788607187513,ENG_TELEM_70,5342.833908209189,179.7922823059717,669.9675915769051,457.00589187660916,158.46121831577642,36.463736793350705,0.4584350123047281,89.80826633788956,4500.0,-4.941798906884675
1788607187613,ENG_TELEM_71,5330.673398323915,181.5870380259159,669.4177136864995,457.2106002815425,160.55943775620256,36.73974605160347,0.4311920638400537,89.87725007373265,4500.0,-4.940971319635849
1788607187714,ENG_TELEM_72,5323.561562238891,179.2495762023515,670.1708817765585,458.18835976925794,158.57952845801083,36.68037239374709,0.4455965083836664,89.93093549498951,4500.0,-4.94014389635554
1788607187814,ENG_TELEM_73,5286.814840297098,178.50952200327572,671.0244368958389,456.8999528349827,160.67130679268936,36.43763070053245,0.43310242649552827,89.96929905346005,4500.0,-4.939316639342148
1788607187914,ENG_TELEM_74,5292.851910666,178.88642717551596,671.1362005497331,454.69839704951704,157.49217963783002,36.480499214746565,0.4357854605844122,89.9923239216196,4500.0,-4.938489550893608
1788607188013,ENG_TELEM_75,5304.667543281102,180.52154917891883,664.9133626511425,456.0587347133892,158.26234933562324,37.255971602094455,0.44803323889966096,90.0,4500.0,-4.9376626333073865
1788607188113,ENG_TELEM_76,5273.654600907128,179.49393553714776,669.6961167149625,456.45904437958677,159.2427562991882,36.10677761207519,0.4709646524337011,89.9923239216196,4500.0,-4.936835888880476
1788607188213,ENG_TELEM_77,5273.563178304419,181.08976150535833,665.7206990179625,452.8695752987368,161.31730785991905,36.61836292597515,0.46544205654522014,89.96929905346005,4500.0,-4.936009319909391
1788607188313,ENG_TELEM_78,5313.563975042318,179.05633297520893,663.622580134977,458.3289169315914,160.0581792366469,36.852239006086855,0.4520079193839737,89.93093549498951,4500.0,-4.9351829286901525
1788607188413,ENG_TELEM_79,5289.839433184904,180.70673171552954,661.5532035543505,453.67067482295175,159.86848314566646,36.15528611680309,0.44337558591130405,89.87725007373265,4500.0,-4.934356717518293
1788607188513,ENG_TELEM_80,5292.2469245948305,178.406191454681,671.1053401090306,456.17248061091317,158.46713901617466,36.62512919294156,0.41759972873118684,89.80826633788956,4500.0,-4.933530688688843
1788607188613,ENG_TELEM_81,5315.013310358511,178.52259088778823,672.1570685926224,452.03661301800605,158.74875186705353,36.57890089732051,0.4500875140045059,89.72401454600673,4500.0,-4.9327048444963255
1788607188713,ENG_TELEM_82,5270.890357024049,178.11765014050962,666.3919539871939,451.9342102222922,159.2900064439167,37.21322272880166,0.38756194009231304,89.6245316537046,4500.0,-4.931879187234753
1788607188813,ENG_TELEM_83,5246.885584581499,179.2750351986389,668.1023763517962,450.89672038754236,159.91698954884862,36.57294165101734,0.4204189908555859,89.50986129746767,4500.0,-4.9310537191976165
1788607188913,ENG_TELEM_84,5265.832959354696,179.4044768545089,665.7683644762817,449.3225630468247,159.24640066838649,36.82514792839736,0.4195967466753614,89.38005377550411,4500.0,-4.9302284426778815
1788607189013,ENG_TELEM_85,5250.306487146665,179.91552460090412,669.5053581571334,448.53044892589764,160.31802136732227,36.11699226791206,0.41831289950443906,89.2351660256832,4500.0,-4.929403359967984
1788607189113,ENG_TELEM_86,5267.920703792134,181.40527437037133,665.9041563768973,453.05968756959624,161.52742744052674,36.401309537055454,0.43785354012450994,89.07526160056061,4500.0,-4.928578473359819
1788607189213,ENG_TELEM_87,5264.58138178933,176.1071332516696,671.776291476284,454.00900873207456,155.6791524772691,36.64485270357751,0.40385584006539016,88.90041063950208,4500.0,-4.927753785144737
1788607189313,ENG_TELEM_88,5245.259859846677,174.99372536328156,664.475194772361,450.8799811808086,154.94324236999998,36.4359169735199,0.4131051213718217,88.71068983791804,4500.0,-4.926929297613539
1788607189413,ENG_TELEM_89,5225.214932123678,178.20297115884426,659.9240443204592,448.3423143261961,159.10054319798598,36.21662989585921,0.40624270764505355,88.50618241362235,4500.0,-4.926105013056467
1788607189513,ENG_TELEM_90,5169.9727471943115,177.48310980388914,658.5731179748013,447.6491871423722,157.316468515957,36.015932089128526,0.4270357719834864,88.28697807033038,4500.0,-4.9252809337632
1788607189613,ENG_TELEM_91,5198.469410446984,176.77976888399743,665.6524729280363,449.33425791143975,158.0650363338442,36.60504828993642,0.423464389517945,88.05317295831185,4500.0,-4.924457062022848
1788607189713,ENG_TELEM_92,5173.423931184961,178.81270507474156,663.1856202696744,445.7852339937506,158.6896240525437,35.25798436823232,0.3837251105748915,87.8048696322162,4500.0,-4.923633400123941
1788607189813,ENG_TELEM_93,5161.329131865975,175.9947693518328,660.7489428197417,445.6863171363319,153.1165596752834,35.347187563207115,0.4577697238172354,87.54217700608879,4500.0,-4.922809950354428
1788607189913,ENG_TELEM_94,5164.845384247695,177.17003508461235,659.8670496820112,447.2688525663093,157.32248715664704,35.354885738842334,0.4094709144962537,87.26521030559752,4500.0,-4.921986715001671
1788607190013,ENG_TELEM_95,5151.212770619069,177.06395851740226,663.3483072357642,446.5893875291565,157.03020062097968,35.70897076666522,0.43591756984433894,86.97409101749103,4500.0,-4.9211636963524334
1788607190113,ENG_TELEM_96,5124.992732023824,173.8973137975278,656.8803539686608,446.1162879489007,153.07108830234654,36.061185696866325,0.39156763332891015,86.66894683631068,4500.0,-4.920340896692877
1788607190213,ENG_TELEM_97,5138.8633467842565,178.61958057305966,661.6765802231371,448.21298190050175,159.15920659123907,35.85355259859826,0.39447460659760597,86.34991160837944,4500.0,-4.9195183183085565
1788607190313,ENG_TELEM_98,5097.063765974968,175.62621958292868,657.4447119686945,445.4819426947337,154.28602855207,35.79969419390709,0.3832361543903409,86.01712527309252,4500.0,-4.918695963484411
1788607190413,ENG_TELEM_99,5017.07427584044,175.12765414789592,653.2931872480164,437.3621622659805,155.06303483137674,34.7005694612112,0.3826389681784974,85.67073380153522,4500.0,-4.91787383450476
1788607190513,ENG_TELEM_00,5067.898115720886,173.14736848725633,659.6412296859837,442.1198378186575,153.23204700074635,35.10560301895961,0.36980284993065266,85.31088913245536,4500.0,-4.917051933653292
1788607190613,ENG_TELEM_01,5013.409313806601,174.10276350252374,651.1762501513779,435.87191354447356,154.2763997942204,34.959852283390575,0.33684063058064273,84.93774910561773,4500.0,-4.916230263213068
1788607190714,ENG_TELEM_02,4994.803967681804,171.63077532503578,645.5971828081255,439.0303143601737,152.39756740421296,34.307421078635215,0.4203771515514793,84.55147739257052,4500.0,-4.915408825466502
1788607190813,ENG_TELEM_03,5019.393892651663,178.97663508450904,645.420097738242,441.17106728669154,159.1801299383801,34.672151071172145,0.4056056127658667,84.15224342485348,4500.0,-4.914587622695367
1788607190913,ENG_TELEM_04,4970.236215178592,172.87246820761226,652.7922034554267,435.9525831541485,151.51877189828272,34.592246596046216,0.36834949678489365,83.74022231967965,4500.0,-4.913766657180781
1788607191013,ENG_TELEM_05,4938.818329493169,176.38729677876887,644.887521070613,435.86260450271016,156.34370855772252,34.73100635353967,0.37422732867547,83.31559480312316,4500.0,-4.912945931203202
1788607191113,ENG_TELEM_06,4944.355261319572,176.81234898784527,643.5435554385238,435.22020238857874,154.608921542779,34.216073412637755,0.3793563780037013,82.87854713084687,4500.0,-4.912125447042425
1788607191213,ENG_TELEM_07,4931.271955300458,176.4996229425476,648.4474148618282,434.74422025074955,154.6886990636051,33.79829406089553,0.3923963831139804,82.42927100640438,4500.0,-4.9113052069775724
1788607191313,ENG_TELEM_08,4878.239289511847,171.07826131967335,643.1321992009462,430.6033965802679,151.30294024889167,34.03823353750283,0.39925277496637335,81.96796349715262,4500.0,-4.910485213287088
1788607191413,ENG_TELEM_09,4818.207852892668,175.27924707589182,643.1744610736035,427.0832457162188,154.1579093447029,34.201927241728654,0.38938388126573176,81.49482694781148,4500.0,-4.909665468248731
1788607191513,ENG_TELEM_10,4848.097342334737,173.93132164486605,639.7151328383442,432.0186254548933,153.42974382875101,33.580641161460754,0.340031494072552,81.01006889170881,4500.0,-4.908845974139571
1788607191613,ENG_TELEM_11,4827.0252174319485,173.51680799117833,640.5918138193365,427.33683630803813,153.16567545177335,33.44719314302828,0.34851407500440146,80.5139019597494,4500.0,-4.908026733235979
1788607191713,ENG_TELEM_12,4781.083990257639,172.95654946482864,638.4334952640701,430.69743644951296,153.5441363002428,33.41426543045687,0.37988518065013205,80.00654378714812,4500.0,-4.907207747813626
1788607191813,ENG_TELEM_13,4755.820632698377,172.87070948949622,633.2949807570214,425.3377849762102,153.12354048432996,33.04887423679249,0.3517858180974919,79.48821691796779,4500.0,-4.906389020147468
1788607191913,ENG_TELEM_14,4738.010730429966,173.52094271540201,631.9158247139686,426.07321015346946,152.48066498298593,33.41874010010589,0.3560091534249828,78.9591487075041,4500.0,-4.90557055251175
1788607192013,ENG_TELEM_15,4714.26745249891,173.7198287635855,629.7363446327655,424.97287463745596,153.1729748384633,32.91563131474377,0.37911722379950796,78.41957122256004,4500.0,-4.904752347179992
1788607192113,ENG_TELEM_16,4661.278256995699,170.45827516041976,632.2199428266458,417.5000087091521,148.74137155833594,32.260073208794395,0.41133800617500427,77.86972113965368,4500.0,-4.903934406424986
1788607192213,ENG_TELEM_17,4677.836951084357,177.1061782835395,627.7977544191352,421.8262003404086,155.20301542823196,32.79590670051815,0.32177289793809977,77.30983964120415,4500.0,-4.903116732518789
1788607192313,ENG_TELEM_18,4611.059177554936,172.52440712321803,620.7153424545106,420.0521839400873,148.35859484003635,31.855776286692056,0.3280524408036979,76.74017230974086,4500.0,-4.902299327732718
1788607192413,ENG_TELEM_19,4612.078665043181,170.5283091910616,623.4400201425326,418.6110663496011,148.15485250983434,32.014642493799414,0.32335715337913457,76.16096902018313,4500.0,-4.90148219433734
1788607192513,ENG_TELEM_20,4605.0368569510565,171.85952705710486,620.9088350078923,419.23767090993647,149.42826758032993,31.83839863795249,0.3230957098386248,75.57248383023656,4500.0,-4.900665334602469
1788607192613,ENG_TELEM_21,4524.193273811675,172.70811332837556,617.2010151438914,413.0035366256412,150.8170747599618,31.32928884961929,0.3439586144089486,74.97497486895512,4500.0,-4.899848750797162
1788607192713,ENG_TELEM_22,4513.342363260876,169.2760470178157,616.459976377411,414.2829167499803,148.0970906775172,30.92871204838599,0.32322013484189493,74.36870422351704,4500.0,-4.899032445189704
1788607192813,ENG_TELEM_23,4491.933695514673,170.77893348352268,618.2071020550289,413.76316010310046,149.7313988759944,31.341586168287947,0.30858314667279746,73.75393782426487,4500.0,-4.898216420047611
1788607192913,ENG_TELEM_24,4423.726901901268,170.40506120926284,611.6955426336585,411.7477898032263,149.8310054506561,30.724272779065195,0.34692894523297607,73.13094532805955,4500.0,-4.897400677637619
1788607193013,ENG_TELEM_25,4403.501995689923,171.44865546438677,615.586672830898,409.76256579962364,148.16376971541246,30.806048560879685,0.32352493568115887,72.5,4500.0,-4.896585220225679
1788607193113,ENG_TELEM_26,4368.872312947366,169.28040326560824,608.2056119226511,407.93688078691537,148.13500182966283,30.892567471012416,0.3214522710935231,71.86137859356003,4500.0,-4.89577005007695
1788607193214,ENG_TELEM_27,4335.025355480707,171.8540516037754,611.6388513797087,408.1476307983378,150.98568803158102,30.36451429895605,0.2793726413649117,71.21536122919515,4500.0,-4.894955169455793
1788607193314,ENG_TELEM_28,4316.041628934664,170.60611245456144,605.700645441864,404.06479216665144,148.6702519856711,30.341385013088377,0.32234941587425264,70.56223127147247,4500.0,-4.894140580625764
1788607193413,ENG_TELEM_29,4272.582083488861,169.30671047747498,602.4966814762043,401.82751239881037,146.34574138036635,29.794545566325922,0.3357696060808588,69.90227520477754,4500.0,-4.893326285849609
1788607193514,ENG_TELEM_30,4260.716705449683,171.3215523380478,600.3064363221243,401.99461677231693,147.9378349960105,29.020027237673485,0.31966288219856565,69.235782507653,4500.0,-4.892512287389258
1788607193613,ENG_TELEM_31,4187.51549681996,169.65690182813634,597.9586737802389,399.5903910063028,149.23801690562155,29.174439966015534,0.353736285540869,68.5630455258236,4500.0,-4.891698587505818
1788607193714,ENG_TELEM_32,4169.809092888474,169.54783733085472,600.359264214177,397.07772059450537,146.87553651991396,29.4092465985433,0.2937278501225911,67.88435934396374,4500.0,-4.890885188459565
1788607193814,ENG_TELEM_33,4204.782059539621,170.7713401400777,600.7213901928043,400.3263512004371,148.2722391633744,29.678740125023186,0.31564160886481585,67.20002165626354,4500.0,-4.890072092509941
1788607193913,ENG_TELEM_34,4118.633098019617,168.81267050638453,597.6525271120059,393.9436985735015,147.12705948828554,28.45506696865869,0.30068794856201325,66.5103326358504,4500.0,-4.889259301915545
1788607194014,ENG_TELEM_35,4071.0932970514523,164.99880705985836,592.644185913256,393.2095722347688,141.14514586353278,28.09089103977726,0.3010933231682215,65.81559480312316,4500.0,-4.888446818934128
1788607194113,ENG_TELEM_36,4032.367287934365,167.01963072232775,589.0708594855207,386.81914069305776,144.36278126468227,27.656356694624602,0.3260969631269707,65.1161128930565,4500.0,-4.887634645822586
1788607194214,ENG_TELEM_37,4029.356388783575,165.55260687397072,583.8674122303734,388.1737883703336,143.0148992951061,28.3646770269096,0.27379808636615416,64.4121937215343,4500.0,-4.886822784836956
1788607194313,ENG_TELEM_38,3967.3944853414887,167.503200333276,583.1982346086907,388.40042635178645,145.47669709195588,28.51374194118595,0.30022721384840206,63.70414605076992,4500.0,-4.886011238232406
1788607194413,ENG_TELEM_39,3913.9218019980226,165.5168120755865,582.642182261598,380.79550680687936,144.1695095948924,28.225343437369162,0.2520381964981354,62.992280453872965,4500.0,-4.885200008263232
1788607194514,ENG_TELEM_40,3894.4675785527857,164.11345011368792,581.5844364111813,381.68607792820325,139.93582274395536,27.05066222773489,0.26568576733056365,62.27690917862158,4500.0,-4.884389097182851
1788607194613,ENG_TELEM_41,3855.4192754574924,165.62274840723623,579.8640999388315,381.33642078327614,143.53623609792962,26.91114994062086,0.28821757263388187,61.55834601050036,4500.0,-4.883578507243792
1788607194713,ENG_TELEM_42,3856.3844142725607,163.5259382415464,573.8242048392824,380.75390375456146,141.11566530349918,26.784406327929446,0.2613183984687771,60.83690613506358,4500.0,-4.882768240697693
1788607194813,ENG_TELEM_43,3752.0495615576647,161.57628257538107,574.5751176393652,373.49715901748186,140.06601742592497,26.62840806346424,0.27170015596258323,60.1129059996844,4500.0,-4.881958299795295
1788607194913,ENG_TELEM_44,3758.6946201810347,165.67834973544885,572.8210010501808,376.116284248468,142.62703573501955,26.03456073534595,0.2733250473057085,59.38666317475066,4500.0,-4.881148686786433
1788607195013,ENG_TELEM_45,3695.2601602677014,157.59400586681434,565.3797123739492,367.9437585002543,135.27457577270187,25.87924952190252,0.2961114209683658,58.658496214367865,4500.0,-4.880339403920031
1788607195113,ENG_TELEM_46,3678.2262264594656,161.2381194477043,570.6322992273085,369.94289260856937,138.77848484472986,25.72931877732133,0.22432605106444758,57.928724516631036,4500.0,-4.879530453444096
1788607195213,ENG_TELEM_47,3630.2684359369932,162.11233331590998,566.1038753780166,371.90802247288076,140.86617129969605,25.23640426696218,0.21535036925071607,57.19766818352596,4500.0,-4.878721837605714
1788607195314,ENG_TELEM_48,3631.1831613192912,164.2203155995207,560.219728783155,368.65174859880955,139.81397173877636,25.792266909495353,0.27406365473222505,56.46564788052199,4500.0,-4.877913558651038
1788607195413,ENG_TELEM_49,3531.711977911205,158.99290058084372,560.5665314309036,366.39562594577626,134.70258897283873,24.988800679315915,0.2468533930333598,55.7329846959175,4500.0,-4.877105618825287
1788607195515,ENG_TELEM_50,3526.8228212706604,160.14526849113108,559.0686583545211,363.35422401464683,137.12196975179444,25.032737863938962,0.2345248289826022,55.00000000000002,4500.0,-4.876298020372738
1788607195613,ENG_TELEM_51,3525.229938441943,165.07143749574564,556.9554364051743,365.7916843640176,140.810187643024,24.58656026717469,0.25956663531525465,54.26701530408249,4500.0,-4.87549076553672
1788607195714,ENG_TELEM_52,3480.606179608928,164.28697808335448,552.7711847246222,361.3851613247115,142.24004262164695,24.731921492738106,0.252635614524851,53.534352119478015,4500.0,-4.8746838565596065
1788607195813,ENG_TELEM_53,3416.3058946303904,160.15025728453497,557.2652130873812,358.19010807499063,135.46465432843263,24.034023390657786,0.2555423906997989,52.80233181647403,4500.0,-4.873877295682811
1788607195913,ENG_TELEM_54,3387.934791763257,157.42130277587285,548.4453483024431,355.0289658106915,134.9632829973837,24.775830552167548,0.23133111170884374,52.07127548336896,4500.0,-4.87307108514678
1788607196014,ENG_TELEM_55,3332.14297116102,156.58311664662432,549.761649609153,351.9401157957551,134.4847440182062,23.68941281670346,0.2538898892486269,51.34150378563214,4500.0,-4.872265227190986
1788607196114,ENG_TELEM_56,3302.2683638807666,157.47358415938004,546.8263940203467,353.81033505137094,130.69690534256415,23.44301217839133,0.2700537362787566,50.613336825249334,4500.0,-4.871459724053922
1788607196213,ENG_TELEM_57,3248.0327931173542,157.27529539005857,544.4433942706889,347.81372507995223,136.13358998029747,23.90863731321601,0.21126706116471225,49.88709400031559,4500.0,-4.870654577973099
1788607196313,ENG_TELEM_58,3220.305557428374,158.0949105785326,538.6886081923269,348.59649159278075,133.31885792800222,23.010023729890975,0.2459975291076625,49.163093864936414,4500.0,-4.869849791185032
1788607196414,ENG_TELEM_59,3182.9655738905954,156.85005810427137,538.4178771983939,347.4783445158493,133.4324421577297,22.421697231208782,0.18540345235306901,48.44165398949965,4500.0,-4.8690453659252375
1788607196514,ENG_TELEM_60,3134.5063933292995,153.788935154767,532.2017602480465,342.8319001901099,130.0632443599863,22.681350328920093,0.23484644379820754,47.723090821378435,4500.0,-4.868241304428232
1788607196613,ENG_TELEM_61,3181.7238505318514,156.6920152280067,532.9518180070257,345.0889663084396,131.72299757308096,22.20484792008939,0.23684619222493825,47.00771954612704,4500.0,-4.867437608927519
1788607196713,ENG_TELEM_62,3076.4615308719776,153.77302194664517,524.7704262448163,337.66891619888264,128.36167108646163,22.185346393968864,0.22501538516369576,46.29585394923009,4500.0,-4.8666342816555845
1788607196813,ENG_TELEM_63,3043.85836086186,153.42826121435914,524.6761195000648,341.40356202365183,128.85470801661594,21.62036459404944,0.19786001905086337,45.58780627846569,4500.0,-4.865831324843893
1788607196914,ENG_TELEM_64,3022.2001603219833,156.38411762049242,523.6129606948995,339.75275606712097,131.4149058456597,21.689978347446683,0.20906518300252985,44.88388710694348,4500.0,-4.865028740722879
1788607197013,ENG_TELEM_65,2974.6552578089486,151.9326038386211,519.9680277557684,338.475698112697,127.80427368215007,21.75750043193714,0.2245787949842975,44.184405196876845,4500.0,-4.864226531521943
1788607197113,ENG_TELEM_66,2980.674536490863,156.13501757817448,525.9953029084444,337.318564316355,131.82795578185733,20.91657218492932,0.20053262619587922,43.48966736414959,4500.0,-4.863424699469444
1788607197214,ENG_TELEM_67,2916.184724918421,155.54939030615,515.2990995559396,331.45254104619863,131.68319080418874,20.743009925438027,0.20611553338170563,42.79997834373647,4500.0,-4.862623246792691
1788607197313,ENG_TELEM_68,2871.8757049934834,155.1567393271332,516.0723098916684,331.67307426903596,131.17837916214535,20.770627585329446,0.1880647395206473,42.11564065603628,4500.0,-4.861822175717943
1788607197414,ENG_TELEM_69,2855.1150525815196,154.43885277405818,516.9942864628597,330.1209000824228,131.2393093537706,20.713556742900447,0.1734446337606385,41.43695447417638,4500.0,-4.861021488470396
1788607197514,ENG_TELEM_70,2791.7955053195333,150.8780731034151,517.6911284738509,324.87416537092656,125.03391036396943,20.195896840555907,0.17319933700283202,40.764217492346994,4500.0,-4.860221187274179
1788607197613,ENG_TELEM_71,2805.095962001461,153.27183382988193,518.512429490592,329.5554180809454,127.11853506925189,19.64267545530825,0.19586136046352465,40.097724795222454,4500.0,-4.859421274352353
1788607197713,ENG_TELEM_72,2737.7177451475713,153.46928360360243,513.4444448376818,322.6138104784755,129.83350504543884,19.7994910990909,0.16810534314213763,39.43776872852754,4500.0,-4.858621751926896
1788607197813,ENG_TELEM_73,2689.0378215994533,149.48477062909592,504.40363108399976,318.7412534436646,127.46627805865367,19.423643444677793,0.18215706007392146,38.78463877080483,4500.0,-4.857822622218705
1788607197913,ENG_TELEM_74,2665.64327977093,149.02920413263436,500.2911002094148,320.9778157450808,123.0412871829337,19.09529757736376,0.1782887092482613,38.13862140643997,4500.0,-4.857023887447582
1788607198014,ENG_TELEM_75,2662.0914116904833,152.503017340467,503.66472793863016,318.284558637813,127.45931364374974,18.771277467540905,0.20190886908992264,37.500000000000014,4500.0,-4.856225549832236
1788607198113,ENG_TELEM_76,2572.271249879285,147.08956728603596,500.27847538664963,317.0385058242214,122.17306013996061,19.328098520608204,0.1657636327153888,36.86905467194043,4500.0,-4.85542761159027
1788607198213,ENG_TELEM_77,2602.01871591423,149.2014403330978,508.3007787684469,317.4718050798991,125.55875553979789,18.766836495576158,0.19324511169172495,36.24606217573514,4500.0,-4.8546300749381786
1788607198313,ENG_TELEM_78,2542.781264625917,149.56757219839437,498.1336916786801,314.66627993448975,124.16704281193807,18.6216783312488,0.15944654791480015,35.63129577648294,4500.0,-4.8538329420913415
1788607198413,ENG_TELEM_79,2526.4785608921707,144.653813664626,489.648897613195,313.1892233376413,119.46133091013493,17.593022423810556,0.18784135674443803,35.025025131044885,4500.0,-4.853036215264015
1788607198513,ENG_TELEM_80,2488.6596409534855,148.49622592075806,493.04221970768754,309.48718141087534,120.038071034908,17.972999183363825,0.17719181043779783,34.42751616976344,4500.0,-4.85223989666933
1788607198613,ENG_TELEM_81,2476.5097823642,151.03615166248107,489.85438107536214,308.4997441725442,126.58916691292782,18.11660897842608,0.17305058237782073,33.83903097981688,4500.0,-4.851443988519281
1788607198714,ENG_TELEM_82,2414.1824616266995,148.01144501035597,484.5323190066684,308.7012032473441,123.70672983197387,17.35719420866625,0.18935460304523474,33.25982769025915,4500.0,-4.850648493024725
1788607198813,ENG_TELEM_83,2391.177100831637,147.5372861844564,489.33477729806333,305.7457919321456,122.79608518993658,17.22110635881079,0.17061754785122094,32.69016035879585,4500.0,-4.849853412395369
1788607198913,ENG_TELEM_84,2376.1198585466072,149.37083950256422,487.6845158975449,304.43074804886476,123.15588177348218,17.54688097261494,0.190061752004477,32.1302788603463,4500.0,-4.849058748839772
1788607199013,ENG_TELEM_85,2337.3490133014325,146.51536355352638,482.2050931664009,306.5277268820723,124.33298102835244,16.754148639679507,0.16769657110626546,31.580428777439963,4500.0,-4.84826450456533
1788607199114,ENG_TELEM_86,2293.765516843076,146.6043794330299,479.0656547389777,300.93557041774636,120.27204330414206,17.14508699077172,0.14590184352941676,31.040851292495894,4500.0,-4.847470681778279
1788607199213,ENG_TELEM_87,2267.9629915910914,144.0478252264003,485.23655494380284,298.94924585017486,118.71671396773257,17.063467409039774,0.14277497387414775,30.51178308203222,4500.0,-4.846677282683679
1788607199313,ENG_TELEM_88,2257.94237123822,144.88864409633075,477.7975881540788,294.54785165670893,120.2818228643134,16.793853740046487,0.18227535029519,29.99345621285189,4500.0,-4.8458843094854185
1788607199414,ENG_TELEM_89,2235.8832837093087,144.9369731511396,475.6474645923564,298.88186374026293,120.0934763959917,16.457158741131995,0.15106293405219426,29.486098040250585,4500.0,-4.845091764386199
1788607199513,ENG_TELEM_90,2240.8620501966116,144.19313466013932,480.1564178271052,298.0675899648511,119.49182528248399,16.631774026481985,0.17948380036221578,28.98993110829121,4500.0,-4.8442996495875335
1788607199613,ENG_TELEM_91,2215.1512888251987,146.14997595632127,475.92102343343123,297.9688194162821,119.960900310143,16.286755895364223,0.16580502566357222,28.50517305218851,4500.0,-4.843507967289742
1788607199714,ENG_TELEM_92,2148.105937966529,146.49409581453477,470.5914563804376,297.21653788063475,122.25104041138239,15.853819208618827,0.1485663550827036,28.032036502847372,4500.0,-4.842716719691941
1788607199813,ENG_TELEM_93,2102.232105946471,146.322945127711,472.5769434449049,293.09797616522997,118.29227579264158,16.068872138546038,0.16801917572119296,27.570728993595612,4500.0,-4.84192590899204
1788607199913,ENG_TELEM_94,2115.5862967738667,146.50030547236804,462.54247320927396,290.82748630164923,119.07337402324058,15.328559334040625,0.14507507861851365,27.121452869153124,4500.0,-4.841135537386734
1788607200014,ENG_TELEM_95,2103.776365553916,145.50394512190226,472.2335455923665,292.7012131002776,118.49775638002116,14.9418000289459,0.13755418936684366,26.684405196876842,4500.0,-4.8403456070715
1788607200113,ENG_TELEM_96,2063.6917165273444,141.73853770715115,469.75436814635447,289.9740925923581,118.64212634606893,15.59758786106531,0.1514245279076116,26.25977768032035,4500.0,-4.839556120240587
1788607200213,ENG_TELEM_97,2083.0253516829835,147.8812859032867,469.5348402458045,288.13724996337663,119.10344830335006,15.02760197062858,0.14123601582166342,25.847756575146505,4500.0,-4.838767079087016
1788607200314,ENG_TELEM_98,1980.9348906422651,141.010789929093,468.1248570881286,285.538330666806,115.63704615131778,14.878629829004776,0.17339947640191788,25.448522607429464,4500.0,-4.837978485802566
1788607200414,ENG_TELEM_99,1998.5854848647198,144.9223321369493,452.81508987063785,285.6590219981725,118.36830548625088,14.901627085487059,0.11840003114419509,25.06225089438227,4500.0,-4.837190342577773
1788607200514,ENG_TELEM_00,1993.055441987889,144.7000922812318,463.8127312608272,282.33768282067285,119.79007128519592,14.836629165885112,0.13297509047938985,24.689110867544652,4500.0,-4.836402651601924
1788607200613,ENG_TELEM_01,1946.7017364106816,142.85965533585724,456.43075258529757,280.9419709638177,116.8924643479044,14.599216498048934,0.1433435437216145,24.329266198464776,4500.0,-4.835615415063049
1788607200714,ENG_TELEM_02,1993.5835949712114,145.71974694332724,458.9549228961686,284.0276183065946,121.0411571060607,14.541480467235079,0.1943166300459489,23.982874726907475,4500.0,-4.834828635147915
1788607200813,ENG_TELEM_03,1849.836643474069,141.57764639776698,456.42475704580454,276.38555398311377,113.61567439066835,13.822536981302324,0.1464221586258035,23.65008839162055,4500.0,-4.834042314042021
1788607200913,ENG_TELEM_04,1912.5337550212803,142.97372371072373,458.5062081057837,281.2749081721713,116.2194784661937,14.406134165566101,0.17271221664581393,23.331053163689308,4500.0,-4.833256453929593
1788607201013,ENG_TELEM_05,1943.5542519341702,146.72745648330775,454.39309468845397,287.0511729060443,120.14783854293785,14.22144635287434,0.18522924422396414,23.02590898250898,4500.0,-4.832471056993574
1788607201113,ENG_TELEM_06,1895.5680193470619,144.01197733792787,456.4595579899568,281.28179142351144,115.7249267848334,14.296049288376917,0.16086885482241467,22.734789694402473,4500.0,-4.831686125415623
1788607201213,ENG_TELEM_07,1902.3889995060663,142.37422645137428,452.1152759941208,283.44549541782527,117.48872345390402,13.692553663914703,0.15422749725071946,22.457822993911186,4500.0,-4.830901661376104
1788607201313,ENG_TELEM_08,1848.5877834779224,141.2534981928773,452.16610844366323,277.1492189989887,112.98204114582293,14.153661241777328,0.16028584654552297,22.195130367783797,4500.0,-4.830117667054084
1788607201414,ENG_TELEM_09,1878.3873594767351,143.84034226766076,453.2662221995744,279.26613743280853,117.89617405179698,13.807778979059771,0.12937419625899854,21.94682704168816,4500.0,-4.829334144627324
1788607201513,ENG_TELEM_10,1836.4900526241665,147.23836355335686,458.18126373276687,278.03252711861705,118.05871771040273,13.922467195628748,0.09862098479282899,21.71302192966963,4500.0,-4.828551096272275
1788607201613,ENG_TELEM_11,1831.0366504322258,142.4059756487217,449.60261357155315,277.02236047934906,114.97809154470578,13.866429546489037,0.1684568488758032,21.493817586377645,4500.0,-4.827768524164069
1788607201714,ENG_TELEM_12,1815.5682601966828,143.35888069645623,451.42412863075765,273.39388500727256,117.40406175178288,14.0212843594351,0.15888814147434505,21.289310162081968,4500.0,-4.82698643047652
1788607201813,ENG_TELEM_13,1818.8794447219368,142.06662878089162,451.88109024906754,277.09846193693596,115.3166145981516,13.695782280132944,0.16999163476403353,21.09958936049791,4500.0,-4.8262048173821075
1788607201913,ENG_TELEM_14,1769.1834437835628,143.64206570008398,444.21574419622397,273.0318910892596,114.34999978003648,12.91336441678175,0.18419308243048976,20.924738399439384,4500.0,-4.82542368705198
1788607202014,ENG_TELEM_15,1797.3364075596949,143.9929410027188,451.1732491280486,277.3353553663751,118.41282043663367,13.946724488715972,0.152762877403191,20.764833974316808,4500.0,-4.824643041655943
1788607202113,ENG_TELEM_16,1790.2196709427826,144.30619482307037,453.5262533176585,279.6536409781118,118.21139521583999,13.956971422190424,0.15612497113388046,20.619946224495898,4500.0,-4.823862883362455
1788607202213,ENG_TELEM_17,1752.283775761561,141.7643114945617,450.0394724753409,271.4981301155247,116.66821601125298,13.187849736576489,0.13499740716905306,20.490138702532327,4500.0,-4.823083214338622
1788607202313,ENG_TELEM_18,1733.6975619669893,140.69154247240883,447.5466228868901,272.49704304676646,113.6798885656476,13.343468043779572,0.14782150534379687,20.375468346295406,4500.0,-4.822304036750191
1788607202413,ENG_TELEM_19,1777.5296629627292,141.91791384094284,444.534110548318,274.94119950027516,115.1365044963573,12.97593331782364,0.14249236918463898,20.275985453993272,4500.0,-4.821525352761545
1788607202514,ENG_TELEM_20,1739.3385659927067,142.82821478330135,445.4942503238487,274.5646776077456,114.03628176899852,13.3908215214462,0.11665220543101545,20.191733662110437,4500.0,-4.820747164535692
1788607202614,ENG_TELEM_21,1710.7451300562677,142.64963391650275,448.60908458227516,268.3323227909643,115.5069406695879,12.994803683158132,0.1544175470288499,20.122749926267346,4500.0,-4.8199694742342665
1788607202714,ENG_TELEM_22,1730.5557074039468,140.90508086328663,446.07019140125465,273.63203358960726,113.8500910930975,12.939020661747287,0.15970787074751225,20.069064505010495,4500.0,-4.819192284017519
1788607202813,ENG_TELEM_23,1766.6893705386947,144.67864907199044,450.60585796540323,270.8375094740232,118.99165562241024,12.930861099427688,0.11462253844013406,20.03070094653996,4500.0,-4.818415596044311
1788607202914,ENG_TELEM_24,1772.8918087262068,144.5201677415122,449.6279198512704,277.8438554018871,117.22807468030415,13.33177964982693,0.15674866385304653,20.007676078380406,4500.0,-4.817639412472109
1788607203013,ENG_TELEM_25,1761.793073202146,144.6939428496817,447.2046464988228,274.5401745472858,115.77500970779242,12.970238440043438,0.11183445167122326,20.0,4500.0,-4.816863735456976
1788607203113,ENG_TELEM_26,1726.4677806577308,142.44831465122382,451.86177442474184,270.1922458756974,115.80195831848894,13.929793966016488,0.13065566000254372,20.007676078380406,4500.0,-4.816088567153572
1788607203214,ENG_TELEM_27,1751.7773764294836,145.99992750869973,449.36799792149645,268.85708259540553,118.403058153564,13.004604288594702,0.13508262617008823,20.03070094653996,4500.0,-4.815313909715141
1788607203313,ENG_TELEM_28,1764.606077579367,143.20889312882244,446.9445845951276,273.75715297874507,117.07968616882947,13.294835126845976,0.14354006146340445,20.069064505010495,4500.0,-4.8145397652935085
1788607203413,ENG_TELEM_29,1733.6747328533856,143.52408575259818,447.97995241505066,273.23702674479483,115.90064741786342,12.698714896127749,0.14585402485878435,20.122749926267353,4500.0,-4.813766136039075
1788607203513,ENG_TELEM_30,1742.3326020656684,142.4987505364881,450.2843015760966,274.53640646727973,115.37268585433006,12.96079188954025,0.13331751350679474,20.19173366211043,4500.0,-4.812993024100812
1788607203613,ENG_TELEM_31,1765.6435372671906,143.0743322030414,447.75399899155786,270.0057585900402,116.97379547184241,13.51563032504467,0.1390831060572757,20.275985453993272,4500.0,-4.812220431626249
1788607203714,ENG_TELEM_32,1777.2345079442928,147.6297539159671,450.2411883336852,274.4312818485232,120.58205741357534,13.314286436427752,0.143195215372749,20.375468346295413,4500.0,-4.811448360761479
1788607203813,ENG_TELEM_33,1757.3357297058803,146.38065037385576,451.2732185836869,274.59663198104766,118.20025145123596,12.943198309437413,0.12986850268271619,20.490138702532327,4500.0,-4.81067681365114
1788607203913,ENG_TELEM_34,1770.530051111594,144.3582376471112,452.8080299053865,276.74485793673773,116.55900317495579,13.484015539249253,0.1408542427178078,20.619946224495898,4500.0,-4.809905792438419
1788607204013,ENG_TELEM_35,1788.4326651249396,145.46017384769976,455.37470287963595,272.73644411355303,118.67935121962837,13.71531460369732,0.1302263581609082,20.764833974316808,4500.0,-4.809135299265042
1788607204114,ENG_TELEM_36,1791.845390695947,149.96240632152987,449.537365050729,274.18803535768694,119.13048817298963,13.982446273514988,0.10779413669935752,20.92473839943939,4500.0,-4.808365336271266
1788607204214,ENG_TELEM_37,1765.2319149441194,148.9309848812133,450.88983863216794,275.17851366585325,122.76549304494591,13.274977501428763,0.146712156364714,21.099589360497916,4500.0,-4.8075959055958775
1788607204314,ENG_TELEM_38,1790.6564687560951,147.49707578131222,449.90029804681814,275.3969200660878,120.43775823453612,13.869576109448975,0.1575806538580764,21.28931016208196,4500.0,-4.806827009376183
1788607204413,ENG_TELEM_39,1845.9223816603587,146.9098151186693,452.14296076781164,279.6143767848737,122.14993575295212,13.885856802539134,0.15527274469211724,21.493817586377645,4500.0,-4.806058649748005
1788607204513,ENG_TELEM_40,1794.1068714395205,148.60092861215782,448.6678964544679,274.05143263932166,120.34739276023689,13.28859590994874,0.12112472340373975,21.713021929669623,4500.0,-4.805290828845675
1788607204613,ENG_TELEM_41,1849.3305579370383,150.235632939799,449.23503822938176,278.303497530151,120.54621277892367,13.790471321039686,0.1555475360356378,21.946827041688167,4500.0,-4.804523548802028
1788607204714,ENG_TELEM_42,1824.191568190889,148.2601601184694,454.14929975887475,278.3821055409966,121.22569448879564,13.455586494103965,0.15239677776307609,22.195130367783797,4500.0,-4.803756811748398
1788607204813,ENG_TELEM_43,1869.3496716437342,150.81372048143749,456.15524226038997,276.3308349286359,126.6826292693759,13.716402891830832,0.14265661757612536,22.457822993911208,4500.0,-4.80299061981461
1788607204913,ENG_TELEM_44,1869.6882789192869,147.5331039105592,457.4882317300372,279.4339637020551,119.50830986448446,14.259525049156537,0.1240629744152629,22.73478969440248,4500.0,-4.802224975128973
1788607205013,ENG_TELEM_45,1909.2677281958736,154.99181538837837,457.7562214686801,279.86350275518555,124.50779876231931,14.604181206199343,0.13244079664484407,23.025908982508962,4500.0,-4.801459879818277
1788607205113,ENG_TELEM_46,1874.5747221357021,149.92861224341448,459.87406314459577,279.8972865524624,119.97278928923794,14.054104122395739,0.16824899806847032,23.33105316368933,4500.0,-4.800695336007789
1788607205214,ENG_TELEM_47,1908.208775063333,153.29644566683933,455.903090786581,282.85557747642235,123.97434183201383,14.075616094131528,0.15295726007501043,23.650088391620557,4500.0,-4.799931345821238
1788607205313,ENG_TELEM_48,1945.5174318832749,151.31417198320707,456.1315013334535,286.2912159905095,123.07195708175058,15.063103055577558,0.13993262192974307,23.982874726907486,4500.0,-4.79916791138082
1788607205413,ENG_TELEM_49,1980.0739426028833,153.88175201097175,464.1982418947922,285.4876865408647,124.29304878473107,15.182903233971581,0.12501176499196007,24.329266198464765,4500.0,-4.798405034807186
1788607205513,ENG_TELEM_50,1959.6437526204977,156.54564127003133,460.09365320257064,285.6937212443177,126.77361244289257,14.829223355261226,0.13399198909367582,24.68911086754465,4500.0,-4.797642718219437
1788607205613,ENG_TELEM_51,2002.435453756559,156.43196875839334,466.2432504842785,288.45832936273007,123.87783304772941,14.477556375684019,0.17255005002048812,25.062250894382277,4500.0,-4.796880963735119
1788607205713,ENG_TELEM_52,2011.2064834413768,154.78571307659914,465.30593178613185,285.7004128137089,126.42127823958057,14.91010118929366,0.15315481224003866,25.448522607429478,4500.0,-4.796119773470215
1788607205813,ENG_TELEM_53,2043.0273139564572,157.23484444325925,466.8053964957363,287.88065742419144,127.71055024953245,14.990075441960853,0.12523166682704903,25.84775657514653,4500.0,-4.795359149539142
1788607205913,ENG_TELEM_54,2045.7082980642822,160.8446491557182,462.16255868484416,291.1538804587766,131.3480862190576,15.470781236142766,0.11600784398650346,26.25977768032036,4500.0,-4.794599094054745
1788607206013,ENG_TELEM_55,2077.28880050814,154.52221549526988,465.7686876613104,291.98410445126154,127.4354117417351,15.343489309460615,0.15891603498631568,26.684405196876835,4500.0,-4.7938396091282875
1788607206113,ENG_TELEM_56,2080.7257098567056,158.04396299674482,470.1909589906109,292.2348788709676,127.68193126853143,15.299207969528279,0.10748140858600305,27.121452869153117,4500.0,-4.79308069686945
1788607206213,ENG_TELEM_57,2147.1581272219005,159.25222164310543,471.7249102026224,294.16168739722923,131.4647627277203,15.74585805680314,0.16807524501537643,27.570728993595626,4500.0,-4.792322359386322
1788607206313,ENG_TELEM_58,2155.5575093827665,159.8463123950426,469.77006451239856,294.8345418439008,130.89103292819374,16.389224730254245,0.1582142014217331,28.032036502847383,4500.0,-4.791564598785395
1788607206413,ENG_TELEM_59,2121.0600381402246,158.75298868961107,474.8851448081845,293.13704329154626,130.3603501035394,15.62832761442073,0.15315824190453028,28.50517305218852,4500.0,-4.79080741717156
1788607206513,ENG_TELEM_60,2163.546887533321,162.76982895337946,471.68947200084546,295.13238838074733,134.10754183573493,16.114096799970707,0.1627250040804286,28.98993110829121,4500.0,-4.7900508166480975
1788607206614,ENG_TELEM_61,2201.820714702742,162.25251542069176,475.64328093366885,295.6595336840133,133.76461364355967,15.698071338287582,0.18203733011497383,29.486098040250596,4500.0,-4.789294799316676
1788607206713,ENG_TELEM_62,2229.358432767979,162.33626540100397,479.59910681101,301.61078809168237,132.6464338217556,16.662301357274906,0.16230703349758485,29.993456212851893,4500.0,-4.788539367277344
1788607206813,ENG_TELEM_63,2248.5226764897716,159.97028897400332,476.593543717019,298.38875046918685,132.50819236373533,16.200393601676815,0.17860322038091603,30.51178308203221,4500.0,-4.787784522628521
1788607206913,ENG_TELEM_64,2291.1702853288743,164.5151987183093,485.7985327734735,300.43523494600475,136.89756949831195,16.880865799145845,0.13862485960835225,31.040851292495887,4500.0,-4.787030267467
1788607207013,ENG_TELEM_65,2332.3526616657064,163.55486743324508,484.6146159732897,303.6518675405648,134.03038294322255,17.000785955024256,0.2013069256377254,31.580428777439966,4500.0,-4.7862766038879325
1788607207114,ENG_TELEM_66,2370.8378159969775,166.90742162613424,490.5312834872027,307.52466570629736,136.03376923153843,17.041000266314704,0.13660898213456146,32.1302788603463,4500.0,-4.785523533984827
1788607207213,ENG_TELEM_67,2343.822876703273,163.0299285672471,488.60210664366747,303.19314219188004,133.06552799406649,17.342393939045127,0.1570762276258019,32.690160358795865,4500.0,-4.784771059849546
1788607207313,ENG_TELEM_68,2403.933605969188,168.22987677296663,494.5142129864747,308.1831646676572,137.84112357367354,17.5316587057691,0.18942486721188379,33.25982769025916,4500.0,-4.784019183572292
1788607207413,ENG_TELEM_69,2435.2820978713503,167.68161403381754,496.8211126904928,307.884587996606,136.10808310042557,17.729769714015333,0.17674705698709325,33.83903097981688,4500.0,-4.783267907241613
1788607207513,ENG_TELEM_70,2463.815848850502,169.41351564350043,493.0419647071487,310.8211633441286,135.4223863135168,18.193842451240062,0.20423358253638307,34.427516169763436,4500.0,-4.782517232944385
1788607207613,ENG_TELEM_71,2503.829055404672,167.96421039370955,498.8789652102273,311.7663350961584,137.26633374215464,18.375648643455435,0.1727162749441536,35.02502513104487,4500.0,-4.7817671627658145
1788607207713,ENG_TELEM_72,2546.7761631953754,167.49927085433697,493.66637566206526,314.4336749833437,140.1597686166734,18.266554460685875,0.1648596215007966,35.63129577648298,4500.0,-4.781017698789429
1788607207813,ENG_TELEM_73,2565.905525169623,171.93867559429987,497.0577416939382,318.277979530404,142.0334800493082,18.868390214242606,0.18053242952775467,36.24606217573513,4500.0,-4.7802688430970735
1788607207913,ENG_TELEM_74,2573.0262083710672,176.02140414297304,501.35909984494776,317.1751291579643,142.4697632698678,19.546461314654163,0.20956116768546174,36.86905467194044,4500.0,-4.779520597768901
1788607208014,ENG_TELEM_75,2616.5971163752115,174.27010516534725,501.4832545946631,319.1705602599651,145.50812972833958,19.425754270438688,0.19522397679076076,37.500000000000014,4500.0,-4.7787729648833706
1788607208113,ENG_TELEM_76,2592.4608431488355,173.03400466944728,505.61445685200283,315.20739145422834,141.29002796667922,19.19069556164279,0.19902346999835321,38.13862140643997,4500.0,-4.77802594651724
1788607208213,ENG_TELEM_77,2647.19824623998,171.43308637789426,506.8282587921685,320.76079108919646,143.32559380555213,19.221519848551512,0.1831008238516264,38.784638770804854,4500.0,-4.77727954474556
1788607208313,ENG_TELEM_78,2680.3573549133357,172.32991198603293,509.267543764484,324.9188376526168,141.50633041178588,19.573530585621956,0.196879282173743,39.43776872852751,4500.0,-4.776533761641668
1788607208414,ENG_TELEM_79,2774.7943017356224,175.31963626483443,507.91942976007954,327.35006149334606,148.08294837308395,19.905682952998063,0.2049973995847181,40.097724795222476,4500.0,-4.775788599277183
1788607208513,ENG_TELEM_80,2736.0982308488965,175.46009899114003,516.4318541005963,324.80377770099767,146.05218954356766,20.113420882498726,0.18336242239324937,40.764217492346994,4500.0,-4.775044059722
1788607208613,ENG_TELEM_81,2785.1644929458216,177.83115741185975,511.81690062921365,327.37105601723164,148.32707489404288,19.722311728201582,0.18531732150512023,41.43695447417639,4500.0,-4.774300145044284
1788607208714,ENG_TELEM_82,2852.4858741604453,178.53983764467333,516.6927084875703,331.4780983102099,148.791128836226,20.84876664870208,0.18900036741203483,42.11564065603628,4500.0,-4.773556857310465
1788607208813,ENG_TELEM_83,2850.7249601956937,177.7029186082392,518.8069105115866,332.78665251364157,147.1192508513747,20.735802173443165,0.21999361733369716,42.799978343736456,4500.0,-4.772814198585231
1788607208914,ENG_TELEM_84,2878.8388840721627,182.2462110075678,527.6502343316572,328.7311752872897,153.14493193949667,20.767185274109906,0.17537617286227136,43.4896673641496,4500.0,-4.772072170931521
1788607209013,ENG_TELEM_85,2953.903591976117,179.25845628280268,523.2579311984036,335.35897213984924,147.82744000366503,20.837807335867186,0.1870715025100439,44.18440519687683,4500.0,-4.771330776410522
1788607209113,ENG_TELEM_86,2984.3925237693848,185.56014839204278,524.4324986187341,335.77740580273877,155.2183803824692,21.30284419088468,0.23478105248392428,44.883887106943504,4500.0,-4.770590017081664
1788607209213,ENG_TELEM_87,3012.6569870160206,179.9585572065498,530.0117541408998,336.69428293318975,153.16330930685686,22.06750511014669,0.20592440974130286,45.58780627846572,4500.0,-4.769849895002612
1788607209313,ENG_TELEM_88,3035.4307971234184,180.23950712461323,526.4859196841832,337.8137632529014,151.27332401586074,21.280910725885896,0.21317457282216112,46.295853949230064,4500.0,-4.769110412229258
1788607209413,ENG_TELEM_89,3114.398870751988,184.73417656672683,536.5167401510247,346.95984998425837,156.91548064925888,22.584218584800073,0.22021207335055754,47.00771954612704,4500.0,-4.768371570815723
1788607209513,ENG_TELEM_90,3128.809779242156,183.54432428888376,532.9667995774702,345.71117601666606,154.45257805264504,22.76979107361452,0.2097245132610215,47.723090821378435,4500.0,-4.767633372814341
1788607209613,ENG_TELEM_91,3152.0056422374832,180.95399490898927,537.6729154598432,346.8793821952297,151.7837285026684,22.382100662069387,0.19114380787239904,48.441653989499635,4500.0,-4.766895820275663
1788607209713,ENG_TELEM_92,3161.754065903837,187.22258391583222,537.1916691847206,342.26420530060824,158.31695410756737,22.88392656423103,0.23875562999761432,49.163093864936435,4500.0,-4.766158915248447
1788607209813,ENG_TELEM_93,3211.6120670113582,186.67092585341922,545.2754845973685,352.85227596496975,157.0796290567694,23.16017267411161,0.2548636327677817,49.88709400031559,4500.0,-4.765422659779648
1788607209915,ENG_TELEM_94,3274.502417712324,189.82130345247094,549.3859455363379,354.2995435963182,160.98640689337054,23.593933106814763,0.23191258488740749,50.61333682524937,4500.0,-4.764687055914421
1788607210013,ENG_TELEM_95,3265.4919687804604,189.76598441804978,541.0704302955892,354.74547066216707,157.27840491695068,23.46393465515346,0.22139989084714373,51.34150378563213,4500.0,-4.763952105696109
1788607210113,ENG_TELEM_96,3323.596774401838,190.30429905762756,552.6548340326515,357.50544761684336,160.3629681519839,23.65705302222321,0.23061750482255508,52.07127548336894,4500.0,-4.763217811166242
1788607210214,ENG_TELEM_97,3377.9215515605115,190.5287047641163,545.4421630774968,355.57199828419675,160.38428813742098,24.358488730612105,0.24334398672314173,52.802331816474066,4500.0,-4.762484174364524
1788607210314,ENG_TELEM_98,3433.9373724863126,193.2085831218615,554.9087426864684,365.1041364045742,161.4353464839234,24.732530160198667,0.28239971061311564,53.534352119478,4500.0,-4.761751197328836
1788607210414,ENG_TELEM_99,3417.5650404457897,191.12282790749578,548.2051126482665,360.1166020222053,161.9612846111389,25.13270931457033,0.25893967893842945,54.26701530408251,4500.0,-4.761018882095225
